# MagicaVoxel @ Ephtracy

# group
o 

# material
mtllib monu2.mtl
usemtl palette

# normals
vn -1 0 0
vn 1 0 0
vn 0 0 1
vn 0 0 -1
vn 0 -1 0
vn 0 1 0

# texcoords
vt 0.962891 0.5
vt 0.994141 0.5

# verts
v -12.5 0 12.5
v -12.5 0 -12.4
v -12.5 0.1 -12.4
v -12.5 0.1 -12.5
v -12.5 1.5 12.5
v -12.5 1.5 12.4
v -12.5 1.5 -0.3
v -12.5 1.5 -12.5
v -12.5 1.6 -0.0999994
v -12.5 1.6 -0.3
v -12.5 1.7 12.4
v -12.5 1.7 12.3
v -12.5 1.7 0.1
v -12.5 1.7 -0.0999994
v -12.5 1.8 0.3
v -12.5 1.8 0.1
v -12.5 1.9 0.6
v -12.5 1.9 0.3
v -12.5 2 0.7
v -12.5 2 0.6
v -12.5 2.1 12.5
v -12.5 2.1 12.3
v -12.5 2.1 0.8
v -12.5 2.1 0.7
v -12.5 2.2 12.5
v -12.5 2.2 12.3
v -12.5 2.3 12.4
v -12.5 2.3 12.3
v -12.5 2.3 1
v -12.5 2.3 0.8
v -12.5 2.4 12.4
v -12.5 2.4 12.3
v -12.5 2.4 1.1
v -12.5 2.4 1
v -12.5 2.5 12.4
v -12.5 2.5 12.3
v -12.5 2.5 1.6
v -12.5 2.5 1.1
v -12.5 2.6 12.4
v -12.5 2.6 12.3
v -12.5 2.6 1.7
v -12.5 2.6 1.6
v -12.5 2.7 12.4
v -12.5 2.7 12.3
v -12.5 2.7 1.8
v -12.5 2.7 1.7
v -12.5 2.9 1.8
v -12.5 2.9 1
v -12.5 3 12.5
v -12.5 3 12.4
v -12.5 4 -10.5
v -12.5 4 -12.5
v -12.5 7.7 1
v -12.5 7.7 -3.2
v -12.5 8.6 -3.2
v -12.5 8.6 -10.5
v -12.5 9.3 12.5
v -12.5 9.3 -12.5
v -12.3 0.5 -2.5
v -12.3 0.5 -12.5
v -12.3 0.6 -2.3
v -12.3 0.6 -2.5
v -12.3 0.7 -1.9
v -12.3 0.7 -2
v -12.3 0.7 -2.1
v -12.3 0.7 -2.3
v -12.3 0.8 -1.9
v -12.3 0.8 -2
v -12.3 0.8 -2.1
v -12.3 0.8 -12.5
v -12.3 1.4 -0.5
v -12.3 1.4 -12.5
v -12.3 1.5 -0.5
v -12.3 1.5 -12.5
v -11.7 9.3 11.3
v -11.7 9.3 -5.9
v -11.7 22.2 11.3
v -11.7 22.2 -5.9
v -10.7 9.3 -9.8
v -10.7 9.3 -12.5
v -10.7 21.2 -9.8
v -10.7 21.2 -12.5
v -7.7 9.3 9.3
v -7.7 9.3 7.2
v -7.7 16.8 9.3
v -7.7 16.8 7.2
v -7.4 9.3 12.3
v -7.4 9.3 10.1
v -7.4 21.2 12.3
v -7.4 21.2 10.1
v -7.3 1 -1.2
v -7.3 1 -12.5
v -7.3 1.1 -1.2
v -7.3 1.1 -12.5
v -6.9 9.3 7.2
v -6.9 9.3 4
v -6.9 16.8 7.2
v -6.9 20 7.2
v -6.9 20 4
v -6.8 9.3 -3.8
v -6.8 9.3 -8
v -6.8 19.8 -3.8
v -6.8 19.8 -8
v -1.9 1 -1.2
v -1.9 1 -1.4
v -1.9 1.1 -1.2
v -1.9 1.1 -1.4
v -1.9 1.2 -0.8
v -1.9 1.2 -1
v -1.9 1.3 -0.7
v -1.9 1.3 -0.8
v -1.9 1.3 -1
v -1.9 1.4 -0.5
v -1.9 1.4 -0.599999
v -1.9 1.4 -0.7
v -1.9 1.4 -0.8
v -1.9 1.5 -0.3
v -1.9 1.5 -0.5
v -1.9 1.5 -0.599999
v -1.9 1.6 -0.3
v -1.9 1.6 -0.5
v -1.8 0.9 -1.5
v -1.8 0.9 -1.6
v -1.8 1 -1.5
v -1.8 1 -1.6
v -1.8 1.1 -1
v -1.8 1.1 -1.2
v -1.8 1.2 -1
v -1.8 1.2 -1.2
v -1.7 0.9 -1.4
v -1.7 0.9 -1.5
v -1.7 1 -1.4
v -1.7 1 -1.5
v -1.7 1.1 -1.2
v -1.7 1.1 -1.3
v -1.7 1.2 -1.2
v -1.7 1.2 -1.3
v -1.7 1.4 -0.7
v -1.7 1.4 -0.8
v -1.7 1.5 -0.7
v -1.7 1.5 -0.8
v -1.6 1.3 -0.8
v -1.6 1.3 -0.9
v -1.6 1.4 -0.8
v -1.6 1.4 -0.9
v -1.6 9.3 0.5
v -1.6 9.3 -3.5
v -1.6 13.9 0.5
v -1.6 13.9 -3.5
v -1.5 0.8 -1.8
v -1.5 0.8 -1.9
v -1.5 1 -1.8
v -1.5 1 -1.9
v -1.5 1.4 -0.8
v -1.5 1.4 -0.9
v -1.5 1.5 -0.8
v -1.5 1.5 -0.9
v -1.4 1.2 -0.8
v -1.4 1.2 -0.9
v -1.4 1.3 -0.8
v -1.4 1.3 -0.9
v -1.4 24.3 -0.0999994
v -1.4 24.3 -2.9
v -1.4 24.5 -0.0999994
v -1.4 24.5 -2.9
v -1.3 24.2 -0.0999994
v -1.3 24.2 -2.9
v -1.3 24.3 0
v -1.3 24.3 -0.0999994
v -1.3 24.3 -2.9
v -1.3 24.3 -3
v -1.3 24.5 0
v -1.3 24.5 -0.0999994
v -1.3 24.5 -2.9
v -1.3 24.5 -3
v -1.2 24.1 -0.0999994
v -1.2 24.1 -2.8
v -1.2 24.2 0
v -1.2 24.2 -0.0999994
v -1.2 24.2 -2.8
v -1.2 24.2 -2.9
v -1.2 24.2 -3.1
v -1.2 24.3 0.1
v -1.2 24.3 0
v -1.2 24.3 -0.0999994
v -1.2 24.3 -2.9
v -1.2 24.3 -3
v -1.2 24.5 0.1
v -1.2 24.5 0
v -1.2 24.5 -3
v -1.2 24.5 -3.1
v -1.1 0.8 -1.6
v -1.1 0.8 -1.7
v -1.1 0.9 -1.6
v -1.1 0.9 -1.7
v -1.1 1.1 -1.2
v -1.1 1.1 -1.3
v -1.1 1.2 -1.2
v -1.1 1.2 -1.3
v -1.1 1.3 -0.599999
v -1.1 1.3 -0.7
v -1.1 1.4 -0.599999
v -1.1 1.4 -0.7
v -1.1 13.9 0.1
v -1.1 13.9 -3
v -1.1 20.6 0.1
v -1.1 20.6 -3
v -1.1 24.1 0
v -1.1 24.1 -0.0999994
v -1.1 24.1 -2.8
v -1.1 24.1 -2.9
v -1.1 24.2 0.1
v -1.1 24.2 0
v -1.1 24.2 -0.0999994
v -1.1 24.2 -2.8
v -1.1 24.2 -2.9
v -1.1 24.3 0.2
v -1.1 24.3 0.1
v -1.1 24.3 0
v -1.1 24.3 -3.1
v -1.1 24.3 -3.2
v -1.1 24.5 0.2
v -1.1 24.5 0.1
v -1.1 24.5 -3.1
v -1.1 24.5 -3.2
v -1 24.1 0.1
v -1 24.1 0
v -1 24.1 -2.9
v -1 24.1 -3
v -1 24.2 0.2
v -1 24.2 0.1
v -1 24.2 0
v -1 24.2 -2.9
v -1 24.2 -3
v -1 24.2 -3.1
v -1 24.2 -3.2
v -1 24.3 0.3
v -1 24.3 0.2
v -1 24.3 0.1
v -1 24.3 -3.1
v -1 24.3 -3.2
v -1 24.3 -3.3
v -1 24.5 0.3
v -1 24.5 0.2
v -1 24.5 -3.2
v -1 24.5 -3.3
v -0.900001 0.9 -1.8
v -0.900001 0.9 -1.9
v -0.900001 1 -1.8
v -0.900001 1 -1.9
v -0.900001 24.1 -3
v -0.900001 24.1 -3.1
v -0.900001 24.2 -3
v -0.900001 24.2 -3.1
v -0.8 1.3 -0.599999
v -0.8 1.3 -0.7
v -0.8 1.4 -0.599999
v -0.8 1.4 -0.7
v -0.6 1.3 -0.8
v -0.6 1.3 -0.9
v -0.6 1.4 -0.8
v -0.6 1.4 -0.9
v -0.6 24.9 -0.4
v -0.6 24.9 -2.5
v -0.6 25 -0.4
v -0.6 25 -2.5
v -0.5 1.1 -1.1
v -0.5 1.1 -1.2
v -0.5 1.2 -1.2
v -0.5 1.4 -1.1
v -0.5 1.4 -1.2
v -0.5 9.3 -8.1
v -0.5 9.3 -11.5
v -0.5 20.6 -0.5
v -0.5 20.6 -2.4
v -0.5 24.1 -0.5
v -0.5 24.1 -2.4
v -0.5 24.5 -0.5
v -0.5 24.5 -2.4
v -0.5 24.9 -0.5
v -0.5 24.9 -2.4
v -0.5 25 -8.1
v -0.5 25 -11.5
v -0.400001 1 -1.4
v -0.400001 1 -1.5
v -0.400001 1.1 -1.4
v -0.400001 1.1 -1.5
v -0.400001 1.3 -0.8
v -0.400001 1.3 -0.9
v -0.400001 1.4 -0.8
v -0.400001 1.4 -0.9
v -0.400001 1.5 -0.5
v -0.400001 1.5 -0.599999
v -0.400001 1.6 -0.5
v -0.400001 1.6 -0.599999
v -0.1 0.8 -1.7
v -0.1 0.8 -1.8
v -0.1 0.9 -1.7
v -0.1 0.9 -1.8
v -0.1 1 -1.7
v -0.1 1 -1.8
v -0.1 1.2 -0.9
v -0.1 1.2 -1
v -0.1 1.3 -0.9
v -0.1 1.3 -1
v 0.0999994 1.3 -0.9
v 0.0999994 1.3 -1
v 0.0999994 1.3 -1.1
v 0.0999994 1.4 -0.8
v 0.0999994 1.4 -0.9
v 0.0999994 1.4 -1.1
v 0.0999994 1.5 -0.8
v 0.0999994 1.5 -0.9
v 0.2 1.3 -0.599999
v 0.2 1.3 -0.7
v 0.2 1.3 -1.1
v 0.2 1.3 -1.2
v 0.2 1.4 -0.599999
v 0.2 1.4 -0.7
v 0.2 1.4 -1.1
v 0.2 1.4 -1.2
v 0.3 1.1 -1
v 0.3 1.1 -1.1
v 0.3 1.2 -1
v 0.3 1.2 -1.1
v 0.4 1.1 -1.2
v 0.4 1.1 -1.3
v 0.4 1.2 -1.2
v 0.4 1.2 -1.3
v 0.4 1.3 -0.7
v 0.4 1.3 -0.8
v 0.4 1.4 -0.7
v 0.4 1.4 -0.8
v 0.599999 0.9 -1.6
v 0.599999 0.9 -1.7
v 0.599999 1 -1.6
v 0.599999 1 -1.7
v 0.7 9.3 10.7
v 0.7 9.3 8.9
v 0.7 16.7 10.7
v 0.7 16.7 8.9
v 0.9 1.2 -1
v 0.9 1.2 -1.1
v 0.9 1.3 -1
v 0.9 1.3 -1.1
v 1.2 0.8 -1.6
v 1.2 0.8 -1.7
v 1.2 0.9 -1.6
v 1.2 0.9 -1.7
v 1.2 1.3 -0.599999
v 1.2 1.3 -0.7
v 1.2 1.4 -0.599999
v 1.2 1.4 -0.7
v 1.2 1.5 -0.4
v 1.2 1.5 -0.5
v 1.2 1.6 -0.4
v 1.2 1.6 -0.5
v 1.3 1 -1.3
v 1.3 1 -1.4
v 1.3 1.1 -1.1
v 1.3 1.1 -1.2
v 1.3 1.1 -1.3
v 1.3 1.1 -1.4
v 1.3 1.2 -0.9
v 1.3 1.2 -1
v 1.3 1.2 -1.1
v 1.3 1.2 -1.2
v 1.3 1.3 -0.9
v 1.3 1.3 -1
v 3.4 2.9 12.5
v 3.4 2.9 12.4
v 3.4 3 12.5
v 3.4 3 12.4
v 5 9.3 -0.8
v 5 9.3 -6.3
v 5 21.8 -0.8
v 5 21.8 -6.3
v 6.5 9.3 -6.3
v 6.5 9.3 -10.7
v 6.5 19.5 -6.3
v 6.5 19.5 -10.7
v 6.6 16.7 10.3
v 6.6 16.7 9.2
v 6.6 21.7 10.3
v 6.6 21.7 9.2
v 6.8 21.7 10.1
v 6.8 21.7 9.4
v 6.8 23.3 10.1
v 6.8 23.3 9.4
v 7.7 9.3 8.9
v 7.7 9.3 1.1
v 7.7 16.7 10.6
v 7.7 16.7 10.3
v 7.7 16.7 9.2
v 7.7 16.7 8.9
v 7.7 16.7 6.7
v 7.7 16.7 1.1
v 7.7 21.7 10.6
v 7.7 21.7 10.3
v 7.7 21.7 9.2
v 7.7 21.7 6.7
v 8.2 21.7 10
v 8.2 21.7 7.5
v 8.2 23.9 10
v 8.2 23.9 7.5
v 8.6 23.9 9.6
v 8.6 23.9 8.1
v 8.6 25 9.6
v 8.6 25 8.1
v 9.8 19.5 -6.2
v 9.8 19.5 -6.3
v 9.8 21.8 -6.2
v 9.8 21.8 -6.3
v 10.5 0.7 -1.9
v 10.5 0.7 -2
v 10.5 0.7 -2.1
v 10.5 0.7 -2.3
v 10.5 0.7 -12.5
v 10.5 0.8 -1.6
v 10.5 0.8 -1.9
v 10.5 0.8 -2
v 10.5 0.8 -2.1
v 10.5 0.9 -1.4
v 10.5 0.9 -1.6
v 10.5 1 -1.2
v 10.5 1 -1.4
v 10.5 1.1 -1
v 10.5 1.1 -1.2
v 10.5 1.2 -0.8
v 10.5 1.2 -1
v 10.5 1.3 -0.599999
v 10.5 1.3 -0.8
v 10.5 1.4 -0.5
v 10.5 1.4 -0.599999
v 10.5 1.5 -0.5
v 10.5 1.5 -12.5
v 10.6 0.6 -2.3
v 10.6 0.6 -2.5
v 10.6 0.6 -12.5
v 10.6 0.7 -2.3
v 10.6 0.7 -12.5
v 10.7 0.2 -6.1
v 10.7 0.2 -10.1
v 10.7 0.2 -10.2
v 10.7 0.2 -10.4
v 10.7 0.2 -10.5
v 10.7 0.2 -11.6
v 10.7 0.2 -12.5
v 10.7 0.3 -4.6
v 10.7 0.3 -6.1
v 10.7 0.4 -2.6
v 10.7 0.4 -4.6
v 10.7 0.5 -2.5
v 10.7 0.5 -2.6
v 10.7 0.6 -2.5
v 10.7 0.6 -12.5
v -12.4 0.5 -2.5
v -12.4 0.5 -12.5
v -12.4 0.6 -2.3
v -12.4 0.6 -2.5
v -12.4 0.7 -1.9
v -12.4 0.7 -2
v -12.4 0.7 -2.1
v -12.4 0.7 -2.3
v -12.4 0.8 -1.9
v -12.4 0.8 -2
v -12.4 0.8 -2.1
v -12.4 0.8 -12.5
v -12.4 1.4 -0.5
v -12.4 1.4 -12.5
v -12.4 1.5 -0.5
v -12.4 1.5 -12.5
v -9.8 9.3 11.3
v -9.8 9.3 -5.9
v -9.8 22.2 11.3
v -9.8 22.2 -5.9
v -8.8 1.4 -0.5
v -8.8 1.4 -12.5
v -8.8 1.5 -0.5
v -8.8 1.5 -12.5
v -8.6 1.3 -0.599999
v -8.6 1.3 -12.5
v -8.6 1.4 -0.599999
v -8.6 1.4 -12.5
v -8.3 1.2 -0.8
v -8.3 1.2 -12.5
v -8.3 1.3 -0.8
v -8.3 1.3 -12.5
v -8.1 1.1 -1
v -8.1 1.1 -12.5
v -8.1 1.2 -1
v -8.1 1.2 -12.5
v -7.4 1 -1.2
v -7.4 1 -12.5
v -7.4 1.1 -1.2
v -7.4 1.1 -12.5
v -7.2 0.9 -1.4
v -7.2 0.9 -12.5
v -7.2 1 -1.4
v -7.2 1 -12.5
v -7.1 1 -1.2
v -7.1 1 -1.4
v -7.1 1 -12.5
v -7.1 1.1 -1.2
v -7.1 1.1 -12.5
v -6.6 0.2 -6.1
v -6.6 0.2 -12.5
v -6.6 0.3 -4.6
v -6.6 0.3 -6.1
v -6.6 0.4 -2.6
v -6.6 0.4 -4.6
v -6.6 0.5 -2.5
v -6.6 0.5 -2.6
v -6.6 0.6 -2.5
v -6.6 0.6 -12.5
v -6.6 0.7 -1.9
v -6.6 0.7 -2
v -6.6 0.7 -2.1
v -6.6 0.7 -12.5
v -6.6 0.8 -1.6
v -6.6 0.8 -1.9
v -6.6 0.8 -2
v -6.6 0.8 -2.1
v -6.6 0.9 -1.6
v -6.6 0.9 -12.5
v -6.5 0.6 -2.3
v -6.5 0.6 -2.5
v -6.5 0.6 -12.5
v -6.5 0.7 -2.3
v -6.5 0.7 -12.5
v -6.2 0.1 -10.1
v -6.2 0.1 -10.2
v -6.2 0.1 -10.4
v -6.2 0.1 -10.5
v -6.2 0.1 -11.6
v -6.2 0.1 -12.4
v -6.2 0.1 -12.5
v -6.2 0.2 -10.1
v -6.2 0.2 -10.2
v -6.2 0.2 -10.4
v -6.2 0.2 -10.5
v -6.2 0.2 -11.6
v -6.2 0.2 -12.5
v -5.6 9.3 5.5
v -5.6 9.3 4
v -5.6 16.8 7.2
v -5.6 16.8 5.5
v -5.6 20 7.2
v -5.6 20 4
v -4.8 9.3 -9.8
v -4.8 9.3 -12.5
v -4.8 21.2 -9.8
v -4.8 21.2 -12.5
v -4.3 9.3 12.3
v -4.3 9.3 10.1
v -4.3 21.2 12.3
v -4.3 21.2 10.1
v -3.5 9.3 -3.8
v -3.5 9.3 -8
v -3.5 19.8 -3.8
v -3.5 19.8 -8
v -3.1 9.3 9.3
v -3.1 9.3 5.5
v -3.1 16.8 9.3
v -3.1 16.8 5.5
v -1.6 1.1 -1.2
v -1.6 1.1 -1.3
v -1.6 1.2 -1.2
v -1.6 1.2 -1.3
v -1.5 1.2 -0.8
v -1.5 1.2 -0.9
v -1.5 1.3 -0.8
v -1.5 1.3 -0.9
v -1.4 0.9 -1.8
v -1.4 0.9 -1.9
v -1.4 1 -1.8
v -1.4 1 -1.9
v -1.3 1.4 -0.8
v -1.3 1.4 -0.9
v -1.3 1.5 -0.8
v -1.3 1.5 -0.9
v -1.1 1.1 -1.1
v -1.1 1.1 -1.2
v -1.1 1.2 -1.1
v -1.1 1.2 -1.2
v -0.900001 1.3 -0.599999
v -0.900001 1.3 -0.7
v -0.900001 1.4 -0.599999
v -0.900001 1.4 -0.7
v -0.8 1.4 -0.7
v -0.8 1.4 -0.8
v -0.8 1.5 -0.7
v -0.8 1.5 -0.8
v -0.7 0.9 -1.8
v -0.7 0.9 -1.9
v -0.7 1 -1.8
v -0.7 1 -1.9
v -0.7 1.3 -0.8
v -0.7 1.3 -0.9
v -0.7 1.4 -0.8
v -0.7 1.4 -0.9
v -0.6 1.1 -1
v -0.6 1.1 -1.1
v -0.6 1.2 -1
v -0.6 1.2 -1.1
v -0.5 1.1 -1.2
v -0.5 1.1 -1.3
v -0.5 1.2 -1.2
v -0.5 1.2 -1.3
v -0.5 1.3 -0.8
v -0.5 1.3 -0.9
v -0.5 1.4 -0.8
v -0.5 1.4 -0.9
v -0.400001 1 -1.3
v -0.400001 1 -1.4
v -0.400001 1.1 -1.3
v -0.400001 1.1 -1.4
v -0.400001 1.2 -0.9
v -0.400001 1.2 -1
v -0.400001 1.3 -0.7
v -0.400001 1.3 -0.8
v -0.400001 1.3 -0.9
v -0.400001 1.3 -1
v -0.400001 1.3 -1.1
v -0.400001 1.3 -1.2
v -0.400001 1.4 -0.7
v -0.400001 1.4 -0.8
v -0.400001 1.4 -1.1
v -0.400001 1.4 -1.2
v -0.400001 1.5 -0.4
v -0.400001 1.5 -0.5
v -0.400001 1.6 -0.4
v -0.400001 1.6 -0.5
v -0.1 0.8 -1.8
v -0.1 0.8 -1.9
v -0.1 0.9 -1.8
v -0.1 0.9 -1.9
v 0 1.3 -0.599999
v 0 1.3 -0.7
v 0 1.4 -0.599999
v 0 1.4 -0.7
v 0.0999994 0.9 -1.7
v 0.0999994 0.9 -1.8
v 0.0999994 1 -1.7
v 0.0999994 1 -1.8
v 0.3 1.3 -1
v 0.3 1.3 -1.1
v 0.3 1.4 -0.8
v 0.3 1.4 -0.9
v 0.3 1.4 -1
v 0.3 1.4 -1.1
v 0.3 1.5 -0.8
v 0.3 1.5 -0.9
v 0.4 1.3 -0.9
v 0.4 1.3 -1
v 0.4 1.3 -1.1
v 0.4 1.3 -1.2
v 0.4 1.4 -0.9
v 0.4 1.4 -1
v 0.4 1.4 -1.1
v 0.4 1.4 -1.2
v 0.5 1.1 -1.1
v 0.5 1.1 -1.2
v 0.5 1.2 -1.1
v 0.5 1.2 -1.2
v 0.5 1.3 -0.8
v 0.5 1.3 -0.9
v 0.5 1.3 -1.1
v 0.5 1.3 -1.2
v 0.5 1.4 -0.8
v 0.5 1.4 -0.9
v 0.599999 0.8 -1.6
v 0.599999 0.8 -1.7
v 0.599999 0.9 -1.6
v 0.599999 0.9 -1.7
v 0.9 1.2 -0.9
v 0.9 1.2 -1
v 0.9 1.3 -0.9
v 0.9 1.3 -1
v 1.1 1.3 -0.599999
v 1.1 1.3 -0.7
v 1.1 1.4 -0.599999
v 1.1 1.4 -0.7
v 1.2 0.9 -1.6
v 1.2 0.9 -1.7
v 1.2 1 -1.6
v 1.2 1 -1.7
v 1.2 1.5 -0.5
v 1.2 1.5 -0.599999
v 1.2 1.6 -0.5
v 1.2 1.6 -0.599999
v 1.3 1.1 -1.2
v 1.3 1.1 -1.3
v 1.3 1.2 -0.8
v 1.3 1.2 -0.9
v 1.3 1.2 -1
v 1.3 1.2 -1.1
v 1.3 1.2 -1.2
v 1.3 1.2 -1.3
v 1.3 1.3 -0.599999
v 1.3 1.3 -0.8
v 1.3 1.3 -0.9
v 1.3 1.3 -1
v 1.3 1.3 -1.1
v 1.3 1.4 -0.599999
v 1.3 1.4 -0.8
v 1.3 1.5 -0.3
v 1.3 1.5 -0.4
v 1.3 1.6 -0.3
v 1.3 1.6 -0.4
v 1.4 0.8 -1.6
v 1.4 0.8 -1.8
v 1.4 0.9 -1.4
v 1.4 0.9 -1.6
v 1.4 0.9 -1.8
v 1.4 1 -1.2
v 1.4 1 -1.4
v 1.4 1 -1.5
v 1.4 1 -1.6
v 1.4 1.1 -1
v 1.4 1.1 -1.2
v 1.4 1.1 -1.5
v 1.4 1.2 -0.9
v 1.4 1.2 -1
v 1.4 1.2 -1.2
v 1.4 1.3 -0.9
v 1.4 1.3 -1
v 1.4 1.4 -0.5
v 1.4 1.4 -0.599999
v 1.4 1.5 -0.4
v 1.4 1.5 -0.5
v 1.4 1.5 -0.599999
v 1.4 1.6 -0.4
v 1.4 1.6 -0.5
v 1.4 20.6 -0.5
v 1.4 20.6 -2.4
v 1.4 24.1 -0.5
v 1.4 24.1 -2.4
v 1.4 24.5 -0.5
v 1.4 24.5 -2.4
v 1.4 24.9 -0.5
v 1.4 24.9 -2.4
v 1.5 24.9 -0.4
v 1.5 24.9 -2.5
v 1.5 25 -0.4
v 1.5 25 -2.5
v 1.8 13.9 0.1
v 1.8 13.9 -3
v 1.8 20.6 0.1
v 1.8 20.6 -3
v 1.8 24.1 0.1
v 1.8 24.1 0
v 1.8 24.1 -3
v 1.8 24.1 -3.1
v 1.8 24.2 0.1
v 1.8 24.2 0
v 1.8 24.2 -3
v 1.8 24.2 -3.1
v 1.9 24.1 0
v 1.9 24.1 -0.0999994
v 1.9 24.1 -2.9
v 1.9 24.1 -3
v 1.9 24.2 0.2
v 1.9 24.2 0.1
v 1.9 24.2 0
v 1.9 24.2 -0.0999994
v 1.9 24.2 -2.9
v 1.9 24.2 -3
v 1.9 24.2 -3.1
v 1.9 24.2 -3.2
v 1.9 24.3 0.3
v 1.9 24.3 0.2
v 1.9 24.3 0.1
v 1.9 24.3 -3.1
v 1.9 24.3 -3.2
v 1.9 24.3 -3.3
v 1.9 24.5 0.3
v 1.9 24.5 0.2
v 1.9 24.5 -3.2
v 1.9 24.5 -3.3
v 2 24.1 -0.0999994
v 2 24.1 -0.2
v 2 24.1 -2.8
v 2 24.1 -2.9
v 2 24.2 0.1
v 2 24.2 0
v 2 24.2 -0.0999994
v 2 24.2 -0.2
v 2 24.2 -2.8
v 2 24.2 -2.9
v 2 24.3 0.2
v 2 24.3 0.1
v 2 24.3 0
v 2 24.3 -3.1
v 2 24.3 -3.2
v 2 24.5 0.2
v 2 24.5 0.1
v 2 24.5 -3.1
v 2 24.5 -3.2
v 2.1 24.1 -0.2
v 2.1 24.1 -2.8
v 2.1 24.2 0
v 2.1 24.2 -0.0999994
v 2.1 24.2 -0.2
v 2.1 24.2 -2.8
v 2.1 24.2 -2.9
v 2.1 24.2 -3.1
v 2.1 24.3 0.1
v 2.1 24.3 0
v 2.1 24.3 -0.0999994
v 2.1 24.3 -2.9
v 2.1 24.3 -3
v 2.1 24.5 0.1
v 2.1 24.5 0
v 2.1 24.5 -3
v 2.1 24.5 -3.1
v 2.2 24.2 -0.0999994
v 2.2 24.2 -2.9
v 2.2 24.3 0
v 2.2 24.3 -0.0999994
v 2.2 24.3 -2.9
v 2.2 24.3 -3
v 2.2 24.5 0
v 2.2 24.5 -3
v 2.3 9.3 0.5
v 2.3 9.3 -3.5
v 2.3 13.9 0.5
v 2.3 13.9 -3.5
v 3.9 9.3 -8.1
v 3.9 9.3 -11.5
v 3.9 25 -8.1
v 3.9 25 -11.5
v 6.5 19.5 -6.2
v 6.5 19.5 -6.3
v 6.5 21.8 -6.2
v 6.5 21.8 -6.3
v 7.6 21.7 10.1
v 7.6 21.7 9.4
v 7.6 23.3 10.1
v 7.6 23.3 9.4
v 9.8 9.3 -6.3
v 9.8 9.3 -10.7
v 9.8 19.5 -6.3
v 9.8 19.5 -10.7
v 10.2 23.9 9.6
v 10.2 23.9 8.1
v 10.2 25 9.6
v 10.2 25 8.1
v 10.4 21.7 10
v 10.4 21.7 7.5
v 10.4 23.9 10
v 10.4 23.9 7.5
v 10.6 9.3 10.7
v 10.6 9.3 1.1
v 10.6 16.7 10.7
v 10.6 16.7 10.6
v 10.6 16.7 6.7
v 10.6 16.7 1.1
v 10.6 21.7 10.6
v 10.6 21.7 6.7
v 11.3 9.3 -0.8
v 11.3 9.3 -6.3
v 11.3 21.8 -0.8
v 11.3 21.8 -6.3
v 12.5 0 12.5
v 12.5 0 -12.4
v 12.5 0.1 -10.1
v 12.5 0.1 -10.2
v 12.5 0.1 -10.4
v 12.5 0.1 -10.5
v 12.5 0.1 -11.6
v 12.5 0.1 -12.4
v 12.5 0.2 -10.1
v 12.5 0.2 -10.2
v 12.5 0.2 -10.4
v 12.5 0.2 -10.5
v 12.5 0.2 -11.6
v 12.5 0.2 -12.5
v 12.5 1.5 12.5
v 12.5 1.5 12.4
v 12.5 1.5 -0.3
v 12.5 1.5 -12.5
v 12.5 1.6 -0.0999994
v 12.5 1.6 -0.3
v 12.5 1.7 12.4
v 12.5 1.7 12.3
v 12.5 1.7 0.1
v 12.5 1.7 -0.0999994
v 12.5 1.8 0.3
v 12.5 1.8 0.1
v 12.5 1.9 0.6
v 12.5 1.9 0.3
v 12.5 2 0.7
v 12.5 2 0.6
v 12.5 2.1 12.5
v 12.5 2.1 12.3
v 12.5 2.1 0.8
v 12.5 2.1 0.7
v 12.5 2.2 12.5
v 12.5 2.2 12.3
v 12.5 2.3 12.4
v 12.5 2.3 12.3
v 12.5 2.3 1
v 12.5 2.3 0.8
v 12.5 2.4 12.4
v 12.5 2.4 12.3
v 12.5 2.4 1.1
v 12.5 2.4 1
v 12.5 2.5 12.4
v 12.5 2.5 12.3
v 12.5 2.5 1.6
v 12.5 2.5 1.1
v 12.5 2.6 12.4
v 12.5 2.6 12.3
v 12.5 2.6 1.7
v 12.5 2.6 1.6
v 12.5 2.7 12.4
v 12.5 2.7 12.3
v 12.5 2.7 1.8
v 12.5 2.7 1.7
v 12.5 2.9 12.5
v 12.5 2.9 12.4
v 12.5 2.9 1.8
v 12.5 2.9 1
v 12.5 4 -10.5
v 12.5 4 -12.5
v 12.5 7.7 1
v 12.5 7.7 -3.2
v 12.5 8.6 -3.2
v 12.5 8.6 -10.5
v 12.5 9.3 12.5
v 12.5 9.3 -12.5
v -12.5 0 12.5
v -12.5 1.5 12.5
v -12.5 2.1 12.5
v -12.5 2.2 12.5
v -12.5 3 12.5
v -12.5 9.3 12.5
v 3.4 2.9 12.5
v 3.4 3 12.5
v 12.5 0 12.5
v 12.5 1.5 12.5
v 12.5 2.1 12.5
v 12.5 2.2 12.5
v 12.5 2.9 12.5
v 12.5 9.3 12.5
v -12.5 1.5 12.4
v -12.5 1.7 12.4
v -12.5 2.3 12.4
v -12.5 2.4 12.4
v -12.5 2.5 12.4
v -12.5 2.6 12.4
v -12.5 2.7 12.4
v -12.5 3 12.4
v 3.4 2.9 12.4
v 3.4 3 12.4
v 12.5 1.5 12.4
v 12.5 1.7 12.4
v 12.5 2.3 12.4
v 12.5 2.4 12.4
v 12.5 2.5 12.4
v 12.5 2.6 12.4
v 12.5 2.7 12.4
v 12.5 2.9 12.4
v -12.5 1.7 12.3
v -12.5 2.1 12.3
v -12.5 2.2 12.3
v -12.5 2.3 12.3
v -12.5 2.4 12.3
v -12.5 2.5 12.3
v -12.5 2.6 12.3
v -12.5 2.7 12.3
v -7.4 9.3 12.3
v -7.4 21.2 12.3
v -4.3 9.3 12.3
v -4.3 21.2 12.3
v 12.5 1.7 12.3
v 12.5 2.1 12.3
v 12.5 2.2 12.3
v 12.5 2.3 12.3
v 12.5 2.4 12.3
v 12.5 2.5 12.3
v 12.5 2.6 12.3
v 12.5 2.7 12.3
v -11.7 9.3 11.3
v -11.7 22.2 11.3
v -9.8 9.3 11.3
v -9.8 22.2 11.3
v 0.7 9.3 10.7
v 0.7 16.7 10.7
v 10.6 9.3 10.7
v 10.6 16.7 10.7
v 7.7 16.7 10.6
v 7.7 21.7 10.6
v 10.6 16.7 10.6
v 10.6 21.7 10.6
v 6.6 16.7 10.3
v 6.6 21.7 10.3
v 7.7 16.7 10.3
v 7.7 21.7 10.3
v 6.8 21.7 10.1
v 6.8 23.3 10.1
v 7.6 21.7 10.1
v 7.6 23.3 10.1
v 8.2 21.7 10
v 8.2 23.9 10
v 10.4 21.7 10
v 10.4 23.9 10
v 8.6 23.9 9.6
v 8.6 25 9.6
v 10.2 23.9 9.6
v 10.2 25 9.6
v -7.7 9.3 9.3
v -7.7 16.8 9.3
v -3.1 9.3 9.3
v -3.1 16.8 9.3
v -6.9 16.8 7.2
v -6.9 20 7.2
v -5.6 16.8 7.2
v -5.6 20 7.2
v -1.6 9.3 0.5
v -1.6 13.9 0.5
v 2.3 9.3 0.5
v 2.3 13.9 0.5
v -1 24.3 0.3
v -1 24.5 0.3
v 1.9 24.3 0.3
v 1.9 24.5 0.3
v -1.1 24.3 0.2
v -1.1 24.5 0.2
v -1 24.2 0.2
v -1 24.3 0.2
v -1 24.5 0.2
v 1.9 24.2 0.2
v 1.9 24.3 0.2
v 1.9 24.5 0.2
v 2 24.3 0.2
v 2 24.5 0.2
v -1.2 24.3 0.1
v -1.2 24.5 0.1
v -1.1 13.9 0.1
v -1.1 20.6 0.1
v -1.1 24.2 0.1
v -1.1 24.3 0.1
v -1.1 24.5 0.1
v -1 24.1 0.1
v -1 24.2 0.1
v -1 24.3 0.1
v 1.8 13.9 0.1
v 1.8 20.6 0.1
v 1.8 24.1 0.1
v 1.8 24.2 0.1
v 1.9 24.2 0.1
v 1.9 24.3 0.1
v 2 24.2 0.1
v 2 24.3 0.1
v 2 24.5 0.1
v 2.1 24.3 0.1
v 2.1 24.5 0.1
v -1.3 24.3 0
v -1.3 24.5 0
v -1.2 24.2 0
v -1.2 24.3 0
v -1.2 24.5 0
v -1.1 24.1 0
v -1.1 24.2 0
v -1.1 24.3 0
v -1 24.1 0
v -1 24.2 0
v 1.8 24.1 0
v 1.8 24.2 0
v 1.9 24.1 0
v 1.9 24.2 0
v 2 24.2 0
v 2 24.3 0
v 2.1 24.2 0
v 2.1 24.3 0
v 2.1 24.5 0
v 2.2 24.3 0
v 2.2 24.5 0
v -1.4 24.3 -0.0999994
v -1.4 24.5 -0.0999994
v -1.3 24.2 -0.0999994
v -1.3 24.3 -0.0999994
v -1.3 24.5 -0.0999994
v -1.2 24.1 -0.0999994
v -1.2 24.2 -0.0999994
v -1.2 24.3 -0.0999994
v -1.1 24.1 -0.0999994
v -1.1 24.2 -0.0999994
v 1.9 24.1 -0.0999994
v 1.9 24.2 -0.0999994
v 2 24.1 -0.0999994
v 2 24.2 -0.0999994
v 2.1 24.2 -0.0999994
v 2.1 24.3 -0.0999994
v 2.2 24.2 -0.0999994
v 2.2 24.3 -0.0999994
v 2 24.1 -0.2
v 2 24.2 -0.2
v 2.1 24.1 -0.2
v 2.1 24.2 -0.2
v -0.6 24.9 -0.4
v -0.6 25 -0.4
v 1.3 1.5 -0.4
v 1.3 1.6 -0.4
v 1.4 1.5 -0.4
v 1.4 1.6 -0.4
v 1.5 24.9 -0.4
v 1.5 25 -0.4
v -0.5 20.6 -0.5
v -0.5 24.1 -0.5
v -0.5 24.5 -0.5
v -0.5 24.9 -0.5
v -0.400001 1.5 -0.5
v -0.400001 1.6 -0.5
v 1.2 1.5 -0.5
v 1.2 1.6 -0.5
v 1.4 20.6 -0.5
v 1.4 24.1 -0.5
v 1.4 24.5 -0.5
v 1.4 24.9 -0.5
v -1.9 1.3 -0.7
v -1.9 1.4 -0.7
v -1.7 1.4 -0.7
v -1.7 1.5 -0.7
v -1.1 1.3 -0.7
v -1.1 1.4 -0.7
v -0.900001 1.3 -0.7
v -0.900001 1.4 -0.7
v -0.8 1.3 -0.7
v -0.8 1.4 -0.7
v -0.8 1.5 -0.7
v 1.1 1.3 -0.7
v 1.1 1.4 -0.7
v 1.2 1.3 -0.7
v 1.2 1.4 -0.7
v -0.400001 1.3 -0.8
v -0.400001 1.4 -0.8
v 0.0999994 1.4 -0.8
v 0.0999994 1.5 -0.8
v 0.3 1.4 -0.8
v 0.3 1.5 -0.8
v 0.4 1.3 -0.8
v 0.4 1.4 -0.8
v 5 9.3 -0.8
v 5 21.8 -0.8
v 11.3 9.3 -0.8
v 11.3 21.8 -0.8
v -1.5 1.2 -0.9
v -1.5 1.3 -0.9
v -1.4 1.2 -0.9
v -1.4 1.3 -0.9
v 1.3 1.2 -0.9
v 1.3 1.3 -0.9
v 1.4 1.2 -0.9
v 1.4 1.3 -0.9
v 0.9 1.2 -1
v 0.9 1.3 -1
v 1.3 1.2 -1
v 1.3 1.3 -1
v -0.5 1.1 -1.1
v -0.5 1.4 -1.1
v -0.400001 1.3 -1.1
v -0.400001 1.4 -1.1
v 0.0999994 1.3 -1.1
v 0.3 1.1 -1.1
v 0.3 1.2 -1.1
v 0.3 1.3 -1.1
v 0.3 1.4 -1.1
v 0.4 1.3 -1.1
v 0.4 1.4 -1.1
v 0.5 1.2 -1.1
v 0.5 1.3 -1.1
v -1.1 1.1 -1.2
v -1.1 1.2 -1.2
v -0.5 1.1 -1.2
v -0.5 1.2 -1.2
v 0.5 1.1 -1.2
v 0.5 1.2 -1.2
v 1.3 1.1 -1.2
v 1.3 1.2 -1.2
v -0.400001 1 -1.4
v -0.400001 1.1 -1.4
v 1.3 1 -1.4
v 1.3 1.1 -1.4
v -1.8 0.9 -1.5
v -1.8 1 -1.5
v -1.7 0.9 -1.5
v -1.7 1 -1.5
v -0.1 0.9 -1.7
v -0.1 1 -1.7
v 0.0999994 0.9 -1.7
v 0.0999994 1 -1.7
v 0.599999 0.8 -1.7
v 0.599999 0.9 -1.7
v 1.2 0.8 -1.7
v 1.2 0.9 -1.7
v -1.5 0.8 -1.8
v -1.5 1 -1.8
v -1.4 0.9 -1.8
v -1.4 1 -1.8
v -0.900001 0.9 -1.8
v -0.900001 1 -1.8
v -0.7 0.9 -1.8
v -0.7 1 -1.8
v -0.1 0.8 -1.8
v -0.1 0.9 -1.8
v -12.4 0.7 -2
v -12.4 0.8 -2
v -12.3 0.7 -2
v -12.3 0.8 -2
v -6.6 0.7 -2
v -6.6 0.8 -2
v 10.5 0.7 -2
v 10.5 0.8 -2
v -6.8 9.3 -3.8
v -6.8 19.8 -3.8
v -3.5 9.3 -3.8
v -3.5 19.8 -3.8
v -0.5 9.3 -8.1
v -0.5 25 -8.1
v 3.9 9.3 -8.1
v 3.9 25 -8.1
v -10.7 9.3 -9.8
v -10.7 21.2 -9.8
v -4.8 9.3 -9.8
v -4.8 21.2 -9.8
v -6.2 0.1 -10.2
v -6.2 0.2 -10.2
v 10.7 0.2 -10.2
v 12.5 0.1 -10.2
v 12.5 0.2 -10.2
v -12.5 4 -10.5
v -12.5 8.6 -10.5
v -6.2 0.1 -10.5
v -6.2 0.2 -10.5
v 10.7 0.2 -10.5
v 12.5 0.1 -10.5
v 12.5 0.2 -10.5
v 12.5 4 -10.5
v 12.5 8.6 -10.5
v -7.4 9.3 10.1
v -7.4 21.2 10.1
v -4.3 9.3 10.1
v -4.3 21.2 10.1
v 6.8 21.7 9.4
v 6.8 23.3 9.4
v 7.6 21.7 9.4
v 7.6 23.3 9.4
v 6.6 16.7 9.2
v 6.6 21.7 9.2
v 7.7 16.7 9.2
v 7.7 21.7 9.2
v 0.7 9.3 8.9
v 0.7 16.7 8.9
v 7.7 9.3 8.9
v 7.7 16.7 8.9
v 8.6 23.9 8.1
v 8.6 25 8.1
v 10.2 23.9 8.1
v 10.2 25 8.1
v 8.2 21.7 7.5
v 8.2 23.9 7.5
v 10.4 21.7 7.5
v 10.4 23.9 7.5
v -7.7 9.3 7.2
v -7.7 16.8 7.2
v -6.9 9.3 7.2
v -6.9 16.8 7.2
v 7.7 16.7 6.7
v 7.7 21.7 6.7
v 10.6 16.7 6.7
v 10.6 21.7 6.7
v -5.6 9.3 5.5
v -5.6 16.8 5.5
v -3.1 9.3 5.5
v -3.1 16.8 5.5
v -6.9 9.3 4
v -6.9 20 4
v -5.6 9.3 4
v -5.6 20 4
v -12.5 2.7 1.8
v -12.5 2.9 1.8
v 12.5 2.7 1.8
v 12.5 2.9 1.8
v -12.5 2.6 1.7
v -12.5 2.7 1.7
v 12.5 2.6 1.7
v 12.5 2.7 1.7
v -12.5 2.5 1.6
v -12.5 2.6 1.6
v 12.5 2.5 1.6
v 12.5 2.6 1.6
v -12.5 2.4 1.1
v -12.5 2.5 1.1
v 7.7 9.3 1.1
v 7.7 16.7 1.1
v 10.6 9.3 1.1
v 10.6 16.7 1.1
v 12.5 2.4 1.1
v 12.5 2.5 1.1
v -12.5 2.3 1
v -12.5 2.4 1
v -12.5 2.9 1
v -12.5 7.7 1
v 12.5 2.3 1
v 12.5 2.4 1
v 12.5 2.9 1
v 12.5 7.7 1
v -12.5 2.1 0.8
v -12.5 2.3 0.8
v 12.5 2.1 0.8
v 12.5 2.3 0.8
v -12.5 2 0.7
v -12.5 2.1 0.7
v 12.5 2 0.7
v 12.5 2.1 0.7
v -12.5 1.9 0.6
v -12.5 2 0.6
v 12.5 1.9 0.6
v 12.5 2 0.6
v -12.5 1.8 0.3
v -12.5 1.9 0.3
v 12.5 1.8 0.3
v 12.5 1.9 0.3
v -12.5 1.7 0.1
v -12.5 1.8 0.1
v 12.5 1.7 0.1
v 12.5 1.8 0.1
v -12.5 1.6 -0.0999994
v -12.5 1.7 -0.0999994
v 12.5 1.6 -0.0999994
v 12.5 1.7 -0.0999994
v -12.5 1.5 -0.3
v -12.5 1.6 -0.3
v -1.9 1.5 -0.3
v -1.9 1.6 -0.3
v 1.3 1.5 -0.3
v 1.3 1.6 -0.3
v 12.5 1.5 -0.3
v 12.5 1.6 -0.3
v -0.400001 1.5 -0.4
v -0.400001 1.6 -0.4
v 1.2 1.5 -0.4
v 1.2 1.6 -0.4
v -12.4 1.4 -0.5
v -12.4 1.5 -0.5
v -12.3 1.4 -0.5
v -12.3 1.5 -0.5
v -8.8 1.4 -0.5
v -8.8 1.5 -0.5
v -1.9 1.4 -0.5
v -1.9 1.5 -0.5
v -1.9 1.6 -0.5
v -0.400001 1.5 -0.5
v -0.400001 1.6 -0.5
v 1.2 1.5 -0.5
v 1.2 1.6 -0.5
v 1.4 1.4 -0.5
v 1.4 1.5 -0.5
v 1.4 1.6 -0.5
v 10.5 1.4 -0.5
v 10.5 1.5 -0.5
v -8.6 1.3 -0.599999
v -8.6 1.4 -0.599999
v -1.9 1.4 -0.599999
v -1.9 1.5 -0.599999
v -1.1 1.3 -0.599999
v -1.1 1.4 -0.599999
v -0.900001 1.3 -0.599999
v -0.900001 1.4 -0.599999
v -0.8 1.3 -0.599999
v -0.8 1.4 -0.599999
v -0.400001 1.5 -0.599999
v -0.400001 1.6 -0.599999
v 0 1.3 -0.599999
v 0 1.4 -0.599999
v 0.2 1.3 -0.599999
v 0.2 1.4 -0.599999
v 1.1 1.3 -0.599999
v 1.1 1.4 -0.599999
v 1.2 1.3 -0.599999
v 1.2 1.4 -0.599999
v 1.2 1.5 -0.599999
v 1.2 1.6 -0.599999
v 1.3 1.3 -0.599999
v 1.3 1.4 -0.599999
v 1.4 1.4 -0.599999
v 1.4 1.5 -0.599999
v 10.5 1.3 -0.599999
v 10.5 1.4 -0.599999
v -0.400001 1.3 -0.7
v -0.400001 1.4 -0.7
v 0 1.3 -0.7
v 0 1.4 -0.7
v 0.2 1.3 -0.7
v 0.2 1.4 -0.7
v 0.4 1.3 -0.7
v 0.4 1.4 -0.7
v -8.3 1.2 -0.8
v -8.3 1.3 -0.8
v -1.9 1.2 -0.8
v -1.9 1.3 -0.8
v -1.9 1.4 -0.8
v -1.7 1.4 -0.8
v -1.7 1.5 -0.8
v -1.6 1.3 -0.8
v -1.6 1.4 -0.8
v -1.5 1.2 -0.8
v -1.5 1.3 -0.8
v -1.5 1.4 -0.8
v -1.5 1.5 -0.8
v -1.4 1.2 -0.8
v -1.4 1.3 -0.8
v -1.3 1.4 -0.8
v -1.3 1.5 -0.8
v -0.8 1.4 -0.8
v -0.8 1.5 -0.8
v -0.7 1.3 -0.8
v -0.7 1.4 -0.8
v -0.6 1.3 -0.8
v -0.6 1.4 -0.8
v -0.5 1.3 -0.8
v -0.5 1.4 -0.8
v -0.400001 1.3 -0.8
v -0.400001 1.4 -0.8
v 0.5 1.3 -0.8
v 0.5 1.4 -0.8
v 1.3 1.2 -0.8
v 1.3 1.3 -0.8
v 1.3 1.4 -0.8
v 10.5 1.2 -0.8
v 10.5 1.3 -0.8
v -1.6 1.3 -0.9
v -1.6 1.4 -0.9
v -1.5 1.4 -0.9
v -1.5 1.5 -0.9
v -1.3 1.4 -0.9
v -1.3 1.5 -0.9
v -0.7 1.3 -0.9
v -0.7 1.4 -0.9
v -0.6 1.3 -0.9
v -0.6 1.4 -0.9
v -0.5 1.3 -0.9
v -0.5 1.4 -0.9
v -0.400001 1.2 -0.9
v -0.400001 1.3 -0.9
v -0.400001 1.4 -0.9
v -0.1 1.2 -0.9
v -0.1 1.3 -0.9
v 0.0999994 1.3 -0.9
v 0.0999994 1.4 -0.9
v 0.0999994 1.5 -0.9
v 0.3 1.4 -0.9
v 0.3 1.5 -0.9
v 0.4 1.3 -0.9
v 0.4 1.4 -0.9
v 0.5 1.3 -0.9
v 0.5 1.4 -0.9
v 0.9 1.2 -0.9
v 0.9 1.3 -0.9
v 1.3 1.2 -0.9
v 1.3 1.3 -0.9
v -8.1 1.1 -1
v -8.1 1.2 -1
v -1.9 1.2 -1
v -1.9 1.3 -1
v -1.8 1.1 -1
v -1.8 1.2 -1
v -0.6 1.1 -1
v -0.6 1.2 -1
v -0.400001 1.2 -1
v -0.400001 1.3 -1
v -0.1 1.2 -1
v -0.1 1.3 -1
v 0.0999994 1.3 -1
v 0.3 1.1 -1
v 0.3 1.2 -1
v 0.3 1.3 -1
v 0.3 1.4 -1
v 0.4 1.3 -1
v 0.4 1.4 -1
v 0.9 1.2 -1
v 0.9 1.3 -1
v 1.3 1.2 -1
v 1.3 1.3 -1
v 1.4 1.1 -1
v 1.4 1.2 -1
v 1.4 1.3 -1
v 10.5 1.1 -1
v 10.5 1.2 -1
v -1.1 1.1 -1.1
v -1.1 1.2 -1.1
v -0.6 1.1 -1.1
v -0.6 1.2 -1.1
v 0.0999994 1.3 -1.1
v 0.0999994 1.4 -1.1
v 0.2 1.3 -1.1
v 0.2 1.4 -1.1
v 0.5 1.1 -1.1
v 0.5 1.2 -1.1
v 0.9 1.2 -1.1
v 0.9 1.3 -1.1
v 1.3 1.1 -1.1
v 1.3 1.2 -1.1
v 1.3 1.3 -1.1
v -7.4 1 -1.2
v -7.4 1.1 -1.2
v -7.3 1 -1.2
v -7.3 1.1 -1.2
v -7.1 1 -1.2
v -7.1 1.1 -1.2
v -1.9 1 -1.2
v -1.9 1.1 -1.2
v -1.8 1.1 -1.2
v -1.8 1.2 -1.2
v -1.7 1.1 -1.2
v -1.7 1.2 -1.2
v -1.6 1.1 -1.2
v -1.6 1.2 -1.2
v -1.1 1.1 -1.2
v -1.1 1.2 -1.2
v -0.5 1.1 -1.2
v -0.5 1.2 -1.2
v -0.5 1.4 -1.2
v -0.400001 1.3 -1.2
v -0.400001 1.4 -1.2
v 0.2 1.3 -1.2
v 0.2 1.4 -1.2
v 0.4 1.1 -1.2
v 0.4 1.2 -1.2
v 0.4 1.3 -1.2
v 0.4 1.4 -1.2
v 0.5 1.2 -1.2
v 0.5 1.3 -1.2
v 1.3 1.1 -1.2
v 1.3 1.2 -1.2
v 1.4 1 -1.2
v 1.4 1.1 -1.2
v 1.4 1.2 -1.2
v 10.5 1 -1.2
v 10.5 1.1 -1.2
v -1.7 1.1 -1.3
v -1.7 1.2 -1.3
v -1.6 1.1 -1.3
v -1.6 1.2 -1.3
v -1.1 1.1 -1.3
v -1.1 1.2 -1.3
v -0.5 1.1 -1.3
v -0.5 1.2 -1.3
v -0.400001 1 -1.3
v -0.400001 1.1 -1.3
v 0.4 1.1 -1.3
v 0.4 1.2 -1.3
v 1.3 1 -1.3
v 1.3 1.1 -1.3
v 1.3 1.2 -1.3
v -7.2 0.9 -1.4
v -7.2 1 -1.4
v -7.1 1 -1.4
v -1.9 1 -1.4
v -1.9 1.1 -1.4
v -1.7 0.9 -1.4
v -1.7 1 -1.4
v -0.400001 1 -1.4
v -0.400001 1.1 -1.4
v 1.4 0.9 -1.4
v 1.4 1 -1.4
v 10.5 0.9 -1.4
v 10.5 1 -1.4
v -0.400001 1 -1.5
v -0.400001 1.1 -1.5
v 1.4 1 -1.5
v 1.4 1.1 -1.5
v -6.6 0.8 -1.6
v -6.6 0.9 -1.6
v -1.8 0.9 -1.6
v -1.8 1 -1.6
v -1.1 0.8 -1.6
v -1.1 0.9 -1.6
v 0.599999 0.8 -1.6
v 0.599999 0.9 -1.6
v 0.599999 1 -1.6
v 1.2 0.8 -1.6
v 1.2 0.9 -1.6
v 1.2 1 -1.6
v 1.4 0.8 -1.6
v 1.4 0.9 -1.6
v 1.4 1 -1.6
v 10.5 0.8 -1.6
v 10.5 0.9 -1.6
v -1.1 0.8 -1.7
v -1.1 0.9 -1.7
v -0.1 0.8 -1.7
v -0.1 0.9 -1.7
v 0.599999 0.9 -1.7
v 0.599999 1 -1.7
v 1.2 0.9 -1.7
v 1.2 1 -1.7
v -0.1 0.8 -1.8
v -0.1 0.9 -1.8
v -0.1 1 -1.8
v 0.0999994 0.9 -1.8
v 0.0999994 1 -1.8
v 1.4 0.8 -1.8
v 1.4 0.9 -1.8
v -12.4 0.7 -1.9
v -12.4 0.8 -1.9
v -12.3 0.7 -1.9
v -12.3 0.8 -1.9
v -6.6 0.7 -1.9
v -6.6 0.8 -1.9
v -1.5 0.8 -1.9
v -1.5 1 -1.9
v -1.4 0.9 -1.9
v -1.4 1 -1.9
v -0.900001 0.9 -1.9
v -0.900001 1 -1.9
v -0.7 0.9 -1.9
v -0.7 1 -1.9
v -0.1 0.8 -1.9
v -0.1 0.9 -1.9
v 10.5 0.7 -1.9
v 10.5 0.8 -1.9
v -12.4 0.7 -2.1
v -12.4 0.8 -2.1
v -12.3 0.7 -2.1
v -12.3 0.8 -2.1
v -6.6 0.7 -2.1
v -6.6 0.8 -2.1
v 10.5 0.7 -2.1
v 10.5 0.8 -2.1
v -12.4 0.6 -2.3
v -12.4 0.7 -2.3
v -12.3 0.6 -2.3
v -12.3 0.7 -2.3
v -6.5 0.6 -2.3
v -6.5 0.7 -2.3
v 10.5 0.7 -2.3
v 10.6 0.6 -2.3
v 10.6 0.7 -2.3
v -0.5 20.6 -2.4
v -0.5 24.1 -2.4
v -0.5 24.5 -2.4
v -0.5 24.9 -2.4
v 1.4 20.6 -2.4
v 1.4 24.1 -2.4
v 1.4 24.5 -2.4
v 1.4 24.9 -2.4
v -12.4 0.5 -2.5
v -12.4 0.6 -2.5
v -12.3 0.5 -2.5
v -12.3 0.6 -2.5
v -6.6 0.5 -2.5
v -6.6 0.6 -2.5
v -6.5 0.6 -2.5
v -0.6 24.9 -2.5
v -0.6 25 -2.5
v 1.5 24.9 -2.5
v 1.5 25 -2.5
v 10.6 0.6 -2.5
v 10.7 0.5 -2.5
v 10.7 0.6 -2.5
v -6.6 0.4 -2.6
v -6.6 0.5 -2.6
v 10.7 0.4 -2.6
v 10.7 0.5 -2.6
v -1.2 24.1 -2.8
v -1.2 24.2 -2.8
v -1.1 24.1 -2.8
v -1.1 24.2 -2.8
v 2 24.1 -2.8
v 2 24.2 -2.8
v 2.1 24.1 -2.8
v 2.1 24.2 -2.8
v -1.4 24.3 -2.9
v -1.4 24.5 -2.9
v -1.3 24.2 -2.9
v -1.3 24.3 -2.9
v -1.3 24.5 -2.9
v -1.2 24.2 -2.9
v -1.2 24.3 -2.9
v -1.1 24.1 -2.9
v -1.1 24.2 -2.9
v -1 24.1 -2.9
v -1 24.2 -2.9
v 1.9 24.1 -2.9
v 1.9 24.2 -2.9
v 2 24.1 -2.9
v 2 24.2 -2.9
v 2.1 24.2 -2.9
v 2.1 24.3 -2.9
v 2.2 24.2 -2.9
v 2.2 24.3 -2.9
v -1.3 24.3 -3
v -1.3 24.5 -3
v -1.2 24.3 -3
v -1.2 24.5 -3
v -1.1 13.9 -3
v -1.1 20.6 -3
v -1 24.1 -3
v -1 24.2 -3
v -0.900001 24.1 -3
v -0.900001 24.2 -3
v 1.8 13.9 -3
v 1.8 20.6 -3
v 1.8 24.1 -3
v 1.8 24.2 -3
v 1.9 24.1 -3
v 1.9 24.2 -3
v 2.1 24.3 -3
v 2.1 24.5 -3
v 2.2 24.3 -3
v 2.2 24.5 -3
v -1.2 24.2 -3.1
v -1.2 24.5 -3.1
v -1.1 24.3 -3.1
v -1.1 24.5 -3.1
v -1 24.2 -3.1
v -1 24.3 -3.1
v -0.900001 24.1 -3.1
v -0.900001 24.2 -3.1
v 1.8 24.1 -3.1
v 1.8 24.2 -3.1
v 1.9 24.2 -3.1
v 1.9 24.3 -3.1
v 2 24.3 -3.1
v 2 24.5 -3.1
v 2.1 24.2 -3.1
v 2.1 24.5 -3.1
v -12.5 7.7 -3.2
v -12.5 8.6 -3.2
v -1.1 24.3 -3.2
v -1.1 24.5 -3.2
v -1 24.2 -3.2
v -1 24.3 -3.2
v -1 24.5 -3.2
v 1.9 24.2 -3.2
v 1.9 24.3 -3.2
v 1.9 24.5 -3.2
v 2 24.3 -3.2
v 2 24.5 -3.2
v 12.5 7.7 -3.2
v 12.5 8.6 -3.2
v -1 24.3 -3.3
v -1 24.5 -3.3
v 1.9 24.3 -3.3
v 1.9 24.5 -3.3
v -1.6 9.3 -3.5
v -1.6 13.9 -3.5
v 2.3 9.3 -3.5
v 2.3 13.9 -3.5
v -6.6 0.3 -4.6
v -6.6 0.4 -4.6
v 10.7 0.3 -4.6
v 10.7 0.4 -4.6
v -11.7 9.3 -5.9
v -11.7 22.2 -5.9
v -9.8 9.3 -5.9
v -9.8 22.2 -5.9
v -6.6 0.2 -6.1
v -6.6 0.3 -6.1
v 10.7 0.2 -6.1
v 10.7 0.3 -6.1
v 6.5 19.5 -6.2
v 6.5 21.8 -6.2
v 9.8 19.5 -6.2
v 9.8 21.8 -6.2
v 5 9.3 -6.3
v 5 21.8 -6.3
v 6.5 9.3 -6.3
v 6.5 19.5 -6.3
v 6.5 21.8 -6.3
v 9.8 9.3 -6.3
v 9.8 19.5 -6.3
v 9.8 21.8 -6.3
v 11.3 9.3 -6.3
v 11.3 21.8 -6.3
v -6.8 9.3 -8
v -6.8 19.8 -8
v -3.5 9.3 -8
v -3.5 19.8 -8
v -6.2 0.1 -10.1
v -6.2 0.2 -10.1
v 10.7 0.2 -10.1
v 12.5 0.1 -10.1
v 12.5 0.2 -10.1
v -6.2 0.1 -10.4
v -6.2 0.2 -10.4
v 10.7 0.2 -10.4
v 12.5 0.1 -10.4
v 12.5 0.2 -10.4
v 6.5 9.3 -10.7
v 6.5 19.5 -10.7
v 9.8 9.3 -10.7
v 9.8 19.5 -10.7
v -0.5 9.3 -11.5
v -0.5 25 -11.5
v 3.9 9.3 -11.5
v 3.9 25 -11.5
v -6.2 0.1 -11.6
v -6.2 0.2 -11.6
v 10.7 0.2 -11.6
v 12.5 0.1 -11.6
v 12.5 0.2 -11.6
v -12.5 0 -12.4
v -12.5 0.1 -12.4
v -6.2 0.1 -12.4
v 12.5 0 -12.4
v 12.5 0.1 -12.4
v -12.5 0.1 -12.5
v -12.5 1.5 -12.5
v -12.5 4 -12.5
v -12.5 9.3 -12.5
v -12.4 0.5 -12.5
v -12.4 0.8 -12.5
v -12.4 1.4 -12.5
v -12.4 1.5 -12.5
v -12.3 0.5 -12.5
v -12.3 0.8 -12.5
v -12.3 1.4 -12.5
v -12.3 1.5 -12.5
v -10.7 9.3 -12.5
v -10.7 21.2 -12.5
v -8.8 1.4 -12.5
v -8.8 1.5 -12.5
v -8.6 1.3 -12.5
v -8.6 1.4 -12.5
v -8.3 1.2 -12.5
v -8.3 1.3 -12.5
v -8.1 1.1 -12.5
v -8.1 1.2 -12.5
v -7.4 1 -12.5
v -7.4 1.1 -12.5
v -7.3 1 -12.5
v -7.3 1.1 -12.5
v -7.2 0.9 -12.5
v -7.2 1 -12.5
v -7.1 1 -12.5
v -7.1 1.1 -12.5
v -6.6 0.2 -12.5
v -6.6 0.6 -12.5
v -6.6 0.7 -12.5
v -6.6 0.9 -12.5
v -6.5 0.6 -12.5
v -6.5 0.7 -12.5
v -6.2 0.1 -12.5
v -6.2 0.2 -12.5
v -4.8 9.3 -12.5
v -4.8 21.2 -12.5
v 10.5 0.7 -12.5
v 10.5 1.5 -12.5
v 10.6 0.6 -12.5
v 10.6 0.7 -12.5
v 10.7 0.2 -12.5
v 10.7 0.6 -12.5
v 12.5 0.2 -12.5
v 12.5 1.5 -12.5
v 12.5 4 -12.5
v 12.5 9.3 -12.5
v -12.5 0 12.5
v 12.5 0 12.5
v -12.5 0 -12.4
v 12.5 0 -12.4
v -12.5 0.1 -12.4
v -6.2 0.1 -12.4
v -12.5 0.1 -12.5
v -6.2 0.1 -12.5
v 10.7 0.2 -10.1
v 12.5 0.2 -10.1
v 10.7 0.2 -10.2
v 12.5 0.2 -10.2
v 10.7 0.2 -10.4
v 12.5 0.2 -10.4
v 10.7 0.2 -10.5
v 12.5 0.2 -10.5
v 10.7 0.2 -11.6
v 12.5 0.2 -11.6
v 10.7 0.2 -12.5
v 12.5 0.2 -12.5
v -6.6 0.6 -2.5
v -6.5 0.6 -2.5
v 10.6 0.6 -2.5
v 10.7 0.6 -2.5
v -6.6 0.6 -12.5
v -6.5 0.6 -12.5
v 10.6 0.6 -12.5
v 10.7 0.6 -12.5
v 10.5 0.7 -2.3
v 10.6 0.7 -2.3
v 10.5 0.7 -12.5
v 10.6 0.7 -12.5
v -12.4 0.8 -1.9
v -12.3 0.8 -1.9
v -12.4 0.8 -2
v -12.3 0.8 -2
v -12.4 0.8 -2.1
v -12.3 0.8 -2.1
v -12.4 0.8 -12.5
v -12.3 0.8 -12.5
v 0.599999 0.9 -1.6
v 1.2 0.9 -1.6
v 0.599999 0.9 -1.7
v 1.2 0.9 -1.7
v -7.2 1 -1.4
v -7.1 1 -1.4
v -7.2 1 -12.5
v -7.1 1 -12.5
v -1.5 1.3 -0.8
v -1.4 1.3 -0.8
v -1.5 1.3 -0.9
v -1.4 1.3 -0.9
v 0.0999994 1.3 -1
v 0.3 1.3 -1
v 0.0999994 1.3 -1.1
v 0.3 1.3 -1.1
v -12.5 2.1 12.5
v 12.5 2.1 12.5
v -12.5 2.1 12.3
v 12.5 2.1 12.3
v -12.5 2.3 12.4
v 12.5 2.3 12.4
v -12.5 2.3 12.3
v 12.5 2.3 12.3
v -12.5 2.5 12.4
v 12.5 2.5 12.4
v -12.5 2.5 12.3
v 12.5 2.5 12.3
v -12.5 2.7 12.4
v 12.5 2.7 12.4
v -12.5 2.7 12.3
v 12.5 2.7 12.3
v 3.4 2.9 12.5
v 12.5 2.9 12.5
v 3.4 2.9 12.4
v 12.5 2.9 12.4
v -12.5 2.9 1.8
v 12.5 2.9 1.8
v -12.5 2.9 1
v 12.5 2.9 1
v -12.5 3 12.5
v 3.4 3 12.5
v -12.5 3 12.4
v 3.4 3 12.4
v -12.5 4 -10.5
v 12.5 4 -10.5
v -12.5 4 -12.5
v 12.5 4 -12.5
v -12.5 7.7 1
v 12.5 7.7 1
v -12.5 7.7 -3.2
v 12.5 7.7 -3.2
v -12.5 8.6 -3.2
v 12.5 8.6 -3.2
v -12.5 8.6 -10.5
v 12.5 8.6 -10.5
v -1 24.1 0.1
v 1.8 24.1 0.1
v -1.1 24.1 0
v -1 24.1 0
v 1.8 24.1 0
v 1.9 24.1 0
v -1.2 24.1 -0.0999994
v -1.1 24.1 -0.0999994
v 1.9 24.1 -0.0999994
v 2 24.1 -0.0999994
v 2 24.1 -0.2
v 2.1 24.1 -0.2
v -0.5 24.1 -0.5
v 1.4 24.1 -0.5
v -0.5 24.1 -2.4
v 1.4 24.1 -2.4
v -1.2 24.1 -2.8
v -1.1 24.1 -2.8
v 2 24.1 -2.8
v 2.1 24.1 -2.8
v -1.1 24.1 -2.9
v -1 24.1 -2.9
v 1.9 24.1 -2.9
v 2 24.1 -2.9
v -1 24.1 -3
v -0.900001 24.1 -3
v 1.8 24.1 -3
v 1.9 24.1 -3
v -0.900001 24.1 -3.1
v 1.8 24.1 -3.1
v -1 24.2 0.2
v 1.9 24.2 0.2
v -1.1 24.2 0.1
v -1 24.2 0.1
v 1.8 24.2 0.1
v 1.9 24.2 0.1
v 2 24.2 0.1
v -1.2 24.2 0
v -1.1 24.2 0
v -1 24.2 0
v 1.8 24.2 0
v 1.9 24.2 0
v 2 24.2 0
v 2.1 24.2 0
v -1.3 24.2 -0.0999994
v -1.2 24.2 -0.0999994
v -1.1 24.2 -0.0999994
v 1.9 24.2 -0.0999994
v 2 24.2 -0.0999994
v 2.1 24.2 -0.0999994
v 2.2 24.2 -0.0999994
v 2 24.2 -0.2
v 2.1 24.2 -0.2
v -1.2 24.2 -2.8
v -1.1 24.2 -2.8
v 2 24.2 -2.8
v 2.1 24.2 -2.8
v -1.3 24.2 -2.9
v -1.2 24.2 -2.9
v -1.1 24.2 -2.9
v -1 24.2 -2.9
v 1.9 24.2 -2.9
v 2 24.2 -2.9
v 2.1 24.2 -2.9
v 2.2 24.2 -2.9
v -1 24.2 -3
v -0.900001 24.2 -3
v 1.8 24.2 -3
v 1.9 24.2 -3
v -1.2 24.2 -3.1
v -1 24.2 -3.1
v -0.900001 24.2 -3.1
v 1.8 24.2 -3.1
v 1.9 24.2 -3.1
v 2.1 24.2 -3.1
v -1 24.2 -3.2
v 1.9 24.2 -3.2
v -1 24.3 0.3
v 1.9 24.3 0.3
v -1.1 24.3 0.2
v -1 24.3 0.2
v 1.9 24.3 0.2
v 2 24.3 0.2
v -1.2 24.3 0.1
v -1.1 24.3 0.1
v -1 24.3 0.1
v 1.9 24.3 0.1
v 2 24.3 0.1
v 2.1 24.3 0.1
v -1.3 24.3 0
v -1.2 24.3 0
v -1.1 24.3 0
v 2 24.3 0
v 2.1 24.3 0
v 2.2 24.3 0
v -1.4 24.3 -0.0999994
v -1.3 24.3 -0.0999994
v -1.2 24.3 -0.0999994
v 2.1 24.3 -0.0999994
v 2.2 24.3 -0.0999994
v -1.4 24.3 -2.9
v -1.3 24.3 -2.9
v -1.2 24.3 -2.9
v 2.1 24.3 -2.9
v 2.2 24.3 -2.9
v -1.3 24.3 -3
v -1.2 24.3 -3
v 2.1 24.3 -3
v 2.2 24.3 -3
v -1.1 24.3 -3.1
v -1 24.3 -3.1
v 1.9 24.3 -3.1
v 2 24.3 -3.1
v -1.1 24.3 -3.2
v -1 24.3 -3.2
v 1.9 24.3 -3.2
v 2 24.3 -3.2
v -1 24.3 -3.3
v 1.9 24.3 -3.3
v -0.6 24.9 -0.4
v 1.5 24.9 -0.4
v -0.5 24.9 -0.5
v 1.4 24.9 -0.5
v -0.5 24.9 -2.4
v 1.4 24.9 -2.4
v -0.6 24.9 -2.5
v 1.5 24.9 -2.5
v -6.2 0.1 -10.1
v 12.5 0.1 -10.1
v -6.2 0.1 -10.2
v 12.5 0.1 -10.2
v -6.2 0.1 -10.4
v 12.5 0.1 -10.4
v -6.2 0.1 -10.5
v 12.5 0.1 -10.5
v -6.2 0.1 -11.6
v 12.5 0.1 -11.6
v -6.2 0.1 -12.4
v 12.5 0.1 -12.4
v -6.6 0.2 -6.1
v 10.7 0.2 -6.1
v -6.2 0.2 -10.1
v 10.7 0.2 -10.1
v -6.2 0.2 -10.2
v 10.7 0.2 -10.2
v -6.2 0.2 -10.4
v 10.7 0.2 -10.4
v -6.2 0.2 -10.5
v 10.7 0.2 -10.5
v -6.2 0.2 -11.6
v 10.7 0.2 -11.6
v -6.6 0.2 -12.5
v -6.2 0.2 -12.5
v -6.6 0.3 -4.6
v 10.7 0.3 -4.6
v -6.6 0.3 -6.1
v 10.7 0.3 -6.1
v -6.6 0.4 -2.6
v 10.7 0.4 -2.6
v -6.6 0.4 -4.6
v 10.7 0.4 -4.6
v -12.4 0.5 -2.5
v -12.3 0.5 -2.5
v -6.6 0.5 -2.5
v 10.7 0.5 -2.5
v -6.6 0.5 -2.6
v 10.7 0.5 -2.6
v -12.4 0.5 -12.5
v -12.3 0.5 -12.5
v -12.4 0.6 -2.3
v -12.3 0.6 -2.3
v -6.5 0.6 -2.3
v 10.6 0.6 -2.3
v -12.4 0.6 -2.5
v -12.3 0.6 -2.5
v -6.5 0.6 -2.5
v 10.6 0.6 -2.5
v -12.4 0.7 -1.9
v -12.3 0.7 -1.9
v -6.6 0.7 -1.9
v 10.5 0.7 -1.9
v -12.4 0.7 -2
v -12.3 0.7 -2
v -6.6 0.7 -2
v 10.5 0.7 -2
v -12.4 0.7 -2.1
v -12.3 0.7 -2.1
v -6.6 0.7 -2.1
v 10.5 0.7 -2.1
v -12.4 0.7 -2.3
v -12.3 0.7 -2.3
v -6.5 0.7 -2.3
v 10.5 0.7 -2.3
v -6.6 0.7 -12.5
v -6.5 0.7 -12.5
v -6.6 0.8 -1.6
v -1.1 0.8 -1.6
v 0.599999 0.8 -1.6
v 1.2 0.8 -1.6
v 1.4 0.8 -1.6
v 10.5 0.8 -1.6
v -1.1 0.8 -1.7
v -0.1 0.8 -1.7
v 0.599999 0.8 -1.7
v 1.2 0.8 -1.7
v -1.5 0.8 -1.8
v -0.1 0.8 -1.8
v 1.4 0.8 -1.8
v -6.6 0.8 -1.9
v -1.5 0.8 -1.9
v -0.1 0.8 -1.9
v 10.5 0.8 -1.9
v -6.6 0.8 -2
v 10.5 0.8 -2
v -6.6 0.8 -2.1
v 10.5 0.8 -2.1
v -7.2 0.9 -1.4
v -1.7 0.9 -1.4
v 1.4 0.9 -1.4
v 10.5 0.9 -1.4
v -1.8 0.9 -1.5
v -1.7 0.9 -1.5
v -6.6 0.9 -1.6
v -1.8 0.9 -1.6
v -1.1 0.9 -1.6
v 0.599999 0.9 -1.6
v 1.2 0.9 -1.6
v 1.4 0.9 -1.6
v 10.5 0.9 -1.6
v -1.1 0.9 -1.7
v -0.1 0.9 -1.7
v 0.0999994 0.9 -1.7
v 0.599999 0.9 -1.7
v 1.2 0.9 -1.7
v -1.4 0.9 -1.8
v -0.900001 0.9 -1.8
v -0.7 0.9 -1.8
v -0.1 0.9 -1.8
v 0.0999994 0.9 -1.8
v 1.4 0.9 -1.8
v -1.4 0.9 -1.9
v -0.900001 0.9 -1.9
v -0.7 0.9 -1.9
v -0.1 0.9 -1.9
v -7.2 0.9 -12.5
v -6.6 0.9 -12.5
v -7.4 1 -1.2
v -7.3 1 -1.2
v -7.1 1 -1.2
v -1.9 1 -1.2
v 1.4 1 -1.2
v 10.5 1 -1.2
v -0.400001 1 -1.3
v 1.3 1 -1.3
v -7.1 1 -1.4
v -1.9 1 -1.4
v -1.7 1 -1.4
v -0.400001 1 -1.4
v 1.3 1 -1.4
v 1.4 1 -1.4
v 10.5 1 -1.4
v -1.8 1 -1.5
v -1.7 1 -1.5
v -0.400001 1 -1.5
v 1.4 1 -1.5
v -1.8 1 -1.6
v 0.599999 1 -1.6
v 1.2 1 -1.6
v 1.4 1 -1.6
v -0.1 1 -1.7
v 0.0999994 1 -1.7
v 0.599999 1 -1.7
v 1.2 1 -1.7
v -1.5 1 -1.8
v -1.4 1 -1.8
v -0.900001 1 -1.8
v -0.7 1 -1.8
v -0.1 1 -1.8
v 0.0999994 1 -1.8
v -1.5 1 -1.9
v -1.4 1 -1.9
v -0.900001 1 -1.9
v -0.7 1 -1.9
v -7.4 1 -12.5
v -7.3 1 -12.5
v -8.1 1.1 -1
v -1.8 1.1 -1
v -0.6 1.1 -1
v 0.3 1.1 -1
v 1.4 1.1 -1
v 10.5 1.1 -1
v -1.1 1.1 -1.1
v -0.6 1.1 -1.1
v -0.5 1.1 -1.1
v 0.3 1.1 -1.1
v 0.5 1.1 -1.1
v 1.3 1.1 -1.1
v -7.4 1.1 -1.2
v -7.3 1.1 -1.2
v -7.1 1.1 -1.2
v -1.9 1.1 -1.2
v -1.8 1.1 -1.2
v -1.7 1.1 -1.2
v -1.6 1.1 -1.2
v -1.1 1.1 -1.2
v -0.5 1.1 -1.2
v 0.4 1.1 -1.2
v 0.5 1.1 -1.2
v 1.3 1.1 -1.2
v 1.4 1.1 -1.2
v 10.5 1.1 -1.2
v -1.7 1.1 -1.3
v -1.6 1.1 -1.3
v -1.1 1.1 -1.3
v -0.5 1.1 -1.3
v -0.400001 1.1 -1.3
v 0.4 1.1 -1.3
v 1.3 1.1 -1.3
v -1.9 1.1 -1.4
v -0.400001 1.1 -1.4
v 1.3 1.1 -1.4
v -0.400001 1.1 -1.5
v 1.4 1.1 -1.5
v -8.1 1.1 -12.5
v -7.4 1.1 -12.5
v -7.3 1.1 -12.5
v -7.1 1.1 -12.5
v -8.3 1.2 -0.8
v -1.9 1.2 -0.8
v -1.5 1.2 -0.8
v -1.4 1.2 -0.8
v 1.3 1.2 -0.8
v 10.5 1.2 -0.8
v -1.5 1.2 -0.9
v -1.4 1.2 -0.9
v -0.400001 1.2 -0.9
v -0.1 1.2 -0.9
v 0.9 1.2 -0.9
v 1.3 1.2 -0.9
v 1.4 1.2 -0.9
v -8.1 1.2 -1
v -1.9 1.2 -1
v -1.8 1.2 -1
v -0.6 1.2 -1
v -0.400001 1.2 -1
v -0.1 1.2 -1
v 0.3 1.2 -1
v 0.9 1.2 -1
v 1.3 1.2 -1
v 1.4 1.2 -1
v 10.5 1.2 -1
v -1.1 1.2 -1.1
v -0.6 1.2 -1.1
v 0.3 1.2 -1.1
v 0.5 1.2 -1.1
v 0.9 1.2 -1.1
v 1.3 1.2 -1.1
v -1.8 1.2 -1.2
v -1.7 1.2 -1.2
v -1.6 1.2 -1.2
v -1.1 1.2 -1.2
v -0.5 1.2 -1.2
v 0.4 1.2 -1.2
v 0.5 1.2 -1.2
v 1.3 1.2 -1.2
v 1.4 1.2 -1.2
v -1.7 1.2 -1.3
v -1.6 1.2 -1.3
v -1.1 1.2 -1.3
v -0.5 1.2 -1.3
v 0.4 1.2 -1.3
v 1.3 1.2 -1.3
v -8.3 1.2 -12.5
v -8.1 1.2 -12.5
v -8.6 1.3 -0.599999
v -1.1 1.3 -0.599999
v -0.900001 1.3 -0.599999
v -0.8 1.3 -0.599999
v 0 1.3 -0.599999
v 0.2 1.3 -0.599999
v 1.1 1.3 -0.599999
v 1.2 1.3 -0.599999
v 1.3 1.3 -0.599999
v 10.5 1.3 -0.599999
v -1.9 1.3 -0.7
v -1.1 1.3 -0.7
v -0.900001 1.3 -0.7
v -0.8 1.3 -0.7
v -0.400001 1.3 -0.7
v 0 1.3 -0.7
v 0.2 1.3 -0.7
v 0.4 1.3 -0.7
v 1.1 1.3 -0.7
v 1.2 1.3 -0.7
v -8.3 1.3 -0.8
v -1.9 1.3 -0.8
v -1.6 1.3 -0.8
v -0.7 1.3 -0.8
v -0.6 1.3 -0.8
v -0.5 1.3 -0.8
v -0.400001 1.3 -0.8
v 0.4 1.3 -0.8
v 0.5 1.3 -0.8
v 1.3 1.3 -0.8
v 10.5 1.3 -0.8
v -1.6 1.3 -0.9
v -0.7 1.3 -0.9
v -0.6 1.3 -0.9
v -0.5 1.3 -0.9
v -0.400001 1.3 -0.9
v -0.1 1.3 -0.9
v 0.0999994 1.3 -0.9
v 0.4 1.3 -0.9
v 0.5 1.3 -0.9
v 0.9 1.3 -0.9
v 1.3 1.3 -0.9
v 1.4 1.3 -0.9
v -1.9 1.3 -1
v -0.400001 1.3 -1
v -0.1 1.3 -1
v 0.0999994 1.3 -1
v 0.4 1.3 -1
v 0.9 1.3 -1
v 1.3 1.3 -1
v 1.4 1.3 -1
v -0.400001 1.3 -1.1
v 0.0999994 1.3 -1.1
v 0.2 1.3 -1.1
v 0.4 1.3 -1.1
v 0.5 1.3 -1.1
v 0.9 1.3 -1.1
v 1.3 1.3 -1.1
v -0.400001 1.3 -1.2
v 0.2 1.3 -1.2
v 0.4 1.3 -1.2
v 0.5 1.3 -1.2
v -8.6 1.3 -12.5
v -8.3 1.3 -12.5
v -12.4 1.4 -0.5
v -12.3 1.4 -0.5
v -8.8 1.4 -0.5
v -1.9 1.4 -0.5
v 1.4 1.4 -0.5
v 10.5 1.4 -0.5
v -8.6 1.4 -0.599999
v -1.9 1.4 -0.599999
v -1.1 1.4 -0.599999
v -0.900001 1.4 -0.599999
v -0.8 1.4 -0.599999
v 0 1.4 -0.599999
v 0.2 1.4 -0.599999
v 1.1 1.4 -0.599999
v 1.2 1.4 -0.599999
v 1.3 1.4 -0.599999
v 1.4 1.4 -0.599999
v 10.5 1.4 -0.599999
v -1.9 1.4 -0.7
v -1.7 1.4 -0.7
v -1.1 1.4 -0.7
v -0.900001 1.4 -0.7
v -0.8 1.4 -0.7
v -0.400001 1.4 -0.7
v 0 1.4 -0.7
v 0.2 1.4 -0.7
v 0.4 1.4 -0.7
v 1.1 1.4 -0.7
v 1.2 1.4 -0.7
v -1.9 1.4 -0.8
v -1.7 1.4 -0.8
v -1.6 1.4 -0.8
v -1.5 1.4 -0.8
v -1.3 1.4 -0.8
v -0.8 1.4 -0.8
v -0.7 1.4 -0.8
v -0.6 1.4 -0.8
v -0.5 1.4 -0.8
v -0.400001 1.4 -0.8
v 0.0999994 1.4 -0.8
v 0.3 1.4 -0.8
v 0.4 1.4 -0.8
v 0.5 1.4 -0.8
v 1.3 1.4 -0.8
v -1.6 1.4 -0.9
v -1.5 1.4 -0.9
v -1.3 1.4 -0.9
v -0.7 1.4 -0.9
v -0.6 1.4 -0.9
v -0.5 1.4 -0.9
v -0.400001 1.4 -0.9
v 0.0999994 1.4 -0.9
v 0.3 1.4 -0.9
v 0.4 1.4 -0.9
v 0.5 1.4 -0.9
v 0.3 1.4 -1
v 0.4 1.4 -1
v -0.5 1.4 -1.1
v -0.400001 1.4 -1.1
v 0.0999994 1.4 -1.1
v 0.2 1.4 -1.1
v 0.3 1.4 -1.1
v 0.4 1.4 -1.1
v -0.5 1.4 -1.2
v -0.400001 1.4 -1.2
v 0.2 1.4 -1.2
v 0.4 1.4 -1.2
v -12.4 1.4 -12.5
v -12.3 1.4 -12.5
v -8.8 1.4 -12.5
v -8.6 1.4 -12.5
v -12.5 1.5 12.5
v 12.5 1.5 12.5
v -12.5 1.5 12.4
v 12.5 1.5 12.4
v -12.5 1.5 -0.3
v -1.9 1.5 -0.3
v 1.3 1.5 -0.3
v 12.5 1.5 -0.3
v -0.400001 1.5 -0.4
v 1.2 1.5 -0.4
v 1.3 1.5 -0.4
v 1.4 1.5 -0.4
v -12.4 1.5 -0.5
v -12.3 1.5 -0.5
v -8.8 1.5 -0.5
v -1.9 1.5 -0.5
v -0.400001 1.5 -0.5
v 1.2 1.5 -0.5
v 1.4 1.5 -0.5
v 10.5 1.5 -0.5
v -1.9 1.5 -0.599999
v -0.400001 1.5 -0.599999
v 1.2 1.5 -0.599999
v 1.4 1.5 -0.599999
v -1.7 1.5 -0.7
v -0.8 1.5 -0.7
v -1.7 1.5 -0.8
v -1.5 1.5 -0.8
v -1.3 1.5 -0.8
v -0.8 1.5 -0.8
v 0.0999994 1.5 -0.8
v 0.3 1.5 -0.8
v -1.5 1.5 -0.9
v -1.3 1.5 -0.9
v 0.0999994 1.5 -0.9
v 0.3 1.5 -0.9
v -12.5 1.5 -12.5
v -12.4 1.5 -12.5
v -12.3 1.5 -12.5
v -8.8 1.5 -12.5
v 10.5 1.5 -12.5
v 12.5 1.5 -12.5
v -12.5 1.6 -0.0999994
v 12.5 1.6 -0.0999994
v -12.5 1.6 -0.3
v -1.9 1.6 -0.3
v 1.3 1.6 -0.3
v 12.5 1.6 -0.3
v -0.400001 1.6 -0.4
v 1.2 1.6 -0.4
v 1.3 1.6 -0.4
v 1.4 1.6 -0.4
v -1.9 1.6 -0.5
v -0.400001 1.6 -0.5
v 1.2 1.6 -0.5
v 1.4 1.6 -0.5
v -0.400001 1.6 -0.599999
v 1.2 1.6 -0.599999
v -12.5 1.7 12.4
v 12.5 1.7 12.4
v -12.5 1.7 12.3
v 12.5 1.7 12.3
v -12.5 1.7 0.1
v 12.5 1.7 0.1
v -12.5 1.7 -0.0999994
v 12.5 1.7 -0.0999994
v -12.5 1.8 0.3
v 12.5 1.8 0.3
v -12.5 1.8 0.1
v 12.5 1.8 0.1
v -12.5 1.9 0.6
v 12.5 1.9 0.6
v -12.5 1.9 0.3
v 12.5 1.9 0.3
v -12.5 2 0.7
v 12.5 2 0.7
v -12.5 2 0.6
v 12.5 2 0.6
v -12.5 2.1 0.8
v 12.5 2.1 0.8
v -12.5 2.1 0.7
v 12.5 2.1 0.7
v -12.5 2.2 12.5
v 12.5 2.2 12.5
v -12.5 2.2 12.3
v 12.5 2.2 12.3
v -12.5 2.3 1
v 12.5 2.3 1
v -12.5 2.3 0.8
v 12.5 2.3 0.8
v -12.5 2.4 12.4
v 12.5 2.4 12.4
v -12.5 2.4 12.3
v 12.5 2.4 12.3
v -12.5 2.4 1.1
v 12.5 2.4 1.1
v -12.5 2.4 1
v 12.5 2.4 1
v -12.5 2.5 1.6
v 12.5 2.5 1.6
v -12.5 2.5 1.1
v 12.5 2.5 1.1
v -12.5 2.6 12.4
v 12.5 2.6 12.4
v -12.5 2.6 12.3
v 12.5 2.6 12.3
v -12.5 2.6 1.7
v 12.5 2.6 1.7
v -12.5 2.6 1.6
v 12.5 2.6 1.6
v -12.5 2.7 1.8
v 12.5 2.7 1.8
v -12.5 2.7 1.7
v 12.5 2.7 1.7
v -12.5 9.3 12.5
v 12.5 9.3 12.5
v -7.4 9.3 12.3
v -4.3 9.3 12.3
v -11.7 9.3 11.3
v -9.8 9.3 11.3
v 0.7 9.3 10.7
v 10.6 9.3 10.7
v -7.4 9.3 10.1
v -4.3 9.3 10.1
v -7.7 9.3 9.3
v -3.1 9.3 9.3
v 0.7 9.3 8.9
v 7.7 9.3 8.9
v -7.7 9.3 7.2
v -6.9 9.3 7.2
v -5.6 9.3 5.5
v -3.1 9.3 5.5
v -6.9 9.3 4
v -5.6 9.3 4
v 7.7 9.3 1.1
v 10.6 9.3 1.1
v -1.6 9.3 0.5
v 2.3 9.3 0.5
v 5 9.3 -0.8
v 11.3 9.3 -0.8
v -1.6 9.3 -3.5
v 2.3 9.3 -3.5
v -6.8 9.3 -3.8
v -3.5 9.3 -3.8
v -11.7 9.3 -5.9
v -9.8 9.3 -5.9
v 5 9.3 -6.3
v 6.5 9.3 -6.3
v 9.8 9.3 -6.3
v 11.3 9.3 -6.3
v -6.8 9.3 -8
v -3.5 9.3 -8
v -0.5 9.3 -8.1
v 3.9 9.3 -8.1
v -10.7 9.3 -9.8
v -4.8 9.3 -9.8
v 6.5 9.3 -10.7
v 9.8 9.3 -10.7
v -0.5 9.3 -11.5
v 3.9 9.3 -11.5
v -12.5 9.3 -12.5
v -10.7 9.3 -12.5
v -4.8 9.3 -12.5
v 12.5 9.3 -12.5
v -1.6 13.9 0.5
v 2.3 13.9 0.5
v -1.1 13.9 0.1
v 1.8 13.9 0.1
v -1.1 13.9 -3
v 1.8 13.9 -3
v -1.6 13.9 -3.5
v 2.3 13.9 -3.5
v 0.7 16.7 10.7
v 10.6 16.7 10.7
v 7.7 16.7 10.6
v 10.6 16.7 10.6
v 6.6 16.7 10.3
v 7.7 16.7 10.3
v 6.6 16.7 9.2
v 7.7 16.7 9.2
v 0.7 16.7 8.9
v 7.7 16.7 8.9
v 7.7 16.7 6.7
v 10.6 16.7 6.7
v 7.7 16.7 1.1
v 10.6 16.7 1.1
v -7.7 16.8 9.3
v -3.1 16.8 9.3
v -7.7 16.8 7.2
v -6.9 16.8 7.2
v -5.6 16.8 7.2
v -5.6 16.8 5.5
v -3.1 16.8 5.5
v 6.5 19.5 -6.2
v 9.8 19.5 -6.2
v 6.5 19.5 -6.3
v 9.8 19.5 -6.3
v 6.5 19.5 -10.7
v 9.8 19.5 -10.7
v -6.8 19.8 -3.8
v -3.5 19.8 -3.8
v -6.8 19.8 -8
v -3.5 19.8 -8
v -6.9 20 7.2
v -5.6 20 7.2
v -6.9 20 4
v -5.6 20 4
v -1.1 20.6 0.1
v 1.8 20.6 0.1
v -0.5 20.6 -0.5
v 1.4 20.6 -0.5
v -0.5 20.6 -2.4
v 1.4 20.6 -2.4
v -1.1 20.6 -3
v 1.8 20.6 -3
v -7.4 21.2 12.3
v -4.3 21.2 12.3
v -7.4 21.2 10.1
v -4.3 21.2 10.1
v -10.7 21.2 -9.8
v -4.8 21.2 -9.8
v -10.7 21.2 -12.5
v -4.8 21.2 -12.5
v 7.7 21.7 10.6
v 10.6 21.7 10.6
v 6.6 21.7 10.3
v 7.7 21.7 10.3
v 6.8 21.7 10.1
v 7.6 21.7 10.1
v 8.2 21.7 10
v 10.4 21.7 10
v 6.8 21.7 9.4
v 7.6 21.7 9.4
v 6.6 21.7 9.2
v 7.7 21.7 9.2
v 8.2 21.7 7.5
v 10.4 21.7 7.5
v 7.7 21.7 6.7
v 10.6 21.7 6.7
v 5 21.8 -0.8
v 11.3 21.8 -0.8
v 6.5 21.8 -6.2
v 9.8 21.8 -6.2
v 5 21.8 -6.3
v 6.5 21.8 -6.3
v 9.8 21.8 -6.3
v 11.3 21.8 -6.3
v -11.7 22.2 11.3
v -9.8 22.2 11.3
v -11.7 22.2 -5.9
v -9.8 22.2 -5.9
v 6.8 23.3 10.1
v 7.6 23.3 10.1
v 6.8 23.3 9.4
v 7.6 23.3 9.4
v 8.2 23.9 10
v 10.4 23.9 10
v 8.6 23.9 9.6
v 10.2 23.9 9.6
v 8.6 23.9 8.1
v 10.2 23.9 8.1
v 8.2 23.9 7.5
v 10.4 23.9 7.5
v -1 24.5 0.3
v 1.9 24.5 0.3
v -1.1 24.5 0.2
v -1 24.5 0.2
v 1.9 24.5 0.2
v 2 24.5 0.2
v -1.2 24.5 0.1
v -1.1 24.5 0.1
v 2 24.5 0.1
v 2.1 24.5 0.1
v -1.3 24.5 0
v -1.2 24.5 0
v 2.1 24.5 0
v 2.2 24.5 0
v -1.4 24.5 -0.0999994
v -1.3 24.5 -0.0999994
v -0.5 24.5 -0.5
v 1.4 24.5 -0.5
v -0.5 24.5 -2.4
v 1.4 24.5 -2.4
v -1.4 24.5 -2.9
v -1.3 24.5 -2.9
v -1.3 24.5 -3
v -1.2 24.5 -3
v 2.1 24.5 -3
v 2.2 24.5 -3
v -1.2 24.5 -3.1
v -1.1 24.5 -3.1
v 2 24.5 -3.1
v 2.1 24.5 -3.1
v -1.1 24.5 -3.2
v -1 24.5 -3.2
v 1.9 24.5 -3.2
v 2 24.5 -3.2
v -1 24.5 -3.3
v 1.9 24.5 -3.3
v 8.6 25 9.6
v 10.2 25 9.6
v 8.6 25 8.1
v 10.2 25 8.1
v -0.6 25 -0.4
v 1.5 25 -0.4
v -0.6 25 -2.5
v 1.5 25 -2.5
v -0.5 25 -8.1
v 3.9 25 -8.1
v -0.5 25 -11.5
v 3.9 25 -11.5

# faces
f 3/2/1 2/2/1 1/2/1
f 5/2/1 3/2/1 1/2/1
f 5/2/1 4/2/1 3/2/1
f 6/2/1 4/2/1 5/2/1
f 7/2/1 4/2/1 6/2/1
f 8/2/1 4/2/1 7/2/1
f 9/2/1 7/2/1 6/2/1
f 10/2/1 7/2/1 9/2/1
f 11/2/1 9/2/1 6/2/1
f 12/2/1 9/2/1 11/2/1
f 13/2/1 9/2/1 12/2/1
f 14/2/1 9/2/1 13/2/1
f 15/2/1 13/2/1 12/2/1
f 16/2/1 13/2/1 15/2/1
f 17/2/1 15/2/1 12/2/1
f 18/2/1 15/2/1 17/2/1
f 19/2/1 17/2/1 12/2/1
f 20/2/1 17/2/1 19/2/1
f 22/2/1 19/2/1 12/2/1
f 23/2/1 19/2/1 22/2/1
f 24/2/1 19/2/1 23/2/1
f 25/2/1 22/2/1 21/2/1
f 25/2/1 23/2/1 22/2/1
f 26/2/1 23/2/1 25/2/1
f 28/2/1 23/2/1 26/2/1
f 29/2/1 23/2/1 28/2/1
f 30/2/1 23/2/1 29/2/1
f 31/2/1 28/2/1 27/2/1
f 31/2/1 29/2/1 28/2/1
f 32/2/1 29/2/1 31/2/1
f 33/2/1 29/2/1 32/2/1
f 34/2/1 29/2/1 33/2/1
f 36/2/1 33/2/1 32/2/1
f 37/2/1 33/2/1 36/2/1
f 38/2/1 33/2/1 37/2/1
f 39/2/1 36/2/1 35/2/1
f 39/2/1 37/2/1 36/2/1
f 40/2/1 37/2/1 39/2/1
f 41/2/1 37/2/1 40/2/1
f 42/2/1 37/2/1 41/2/1
f 44/2/1 41/2/1 40/2/1
f 45/2/1 41/2/1 44/2/1
f 46/2/1 41/2/1 45/2/1
f 47/2/1 44/2/1 43/2/1
f 47/2/1 45/2/1 44/2/1
f 50/2/1 47/2/1 43/2/1
f 50/2/1 48/2/1 47/2/1
f 53/2/1 50/2/1 49/2/1
f 53/2/1 48/2/1 50/2/1
f 55/2/1 54/2/1 53/2/1
f 56/2/1 52/2/1 51/2/1
f 57/2/1 55/2/1 53/2/1
f 57/2/1 56/2/1 55/2/1
f 57/2/1 53/2/1 49/2/1
f 58/2/1 52/2/1 56/2/1
f 58/2/1 56/2/1 57/2/1
f 62/2/1 60/2/1 59/2/1
f 66/2/1 62/2/1 61/2/1
f 67/2/1 64/2/1 63/2/1
f 68/2/1 64/2/1 67/2/1
f 69/2/1 66/2/1 65/2/1
f 70/2/1 60/2/1 62/2/1
f 70/2/1 66/2/1 69/2/1
f 70/2/1 62/2/1 66/2/1
f 73/2/1 72/2/1 71/2/1
f 74/2/1 72/2/1 73/2/1
f 77/1/1 76/1/1 75/1/1
f 78/1/1 76/1/1 77/1/1
f 81/1/1 80/1/1 79/1/1
f 82/1/1 80/1/1 81/1/1
f 85/1/1 84/1/1 83/1/1
f 86/1/1 84/1/1 85/1/1
f 89/1/1 88/1/1 87/1/1
f 90/1/1 88/1/1 89/1/1
f 93/2/1 92/2/1 91/2/1
f 94/2/1 92/2/1 93/2/1
f 97/1/1 96/1/1 95/1/1
f 98/1/1 96/1/1 97/1/1
f 99/1/1 96/1/1 98/1/1
f 102/1/1 101/1/1 100/1/1
f 103/1/1 101/1/1 102/1/1
f 106/2/1 105/2/1 104/2/1
f 107/2/1 105/2/1 106/2/1
f 111/2/1 109/2/1 108/2/1
f 112/2/1 109/2/1 111/2/1
f 115/2/1 111/2/1 110/2/1
f 116/2/1 111/2/1 115/2/1
f 118/2/1 114/2/1 113/2/1
f 119/2/1 114/2/1 118/2/1
f 120/2/1 118/2/1 117/2/1
f 121/2/1 118/2/1 120/2/1
f 124/2/1 123/2/1 122/2/1
f 125/2/1 123/2/1 124/2/1
f 128/2/1 127/2/1 126/2/1
f 129/2/1 127/2/1 128/2/1
f 132/2/1 131/2/1 130/2/1
f 133/2/1 131/2/1 132/2/1
f 136/2/1 135/2/1 134/2/1
f 137/2/1 135/2/1 136/2/1
f 140/2/1 139/2/1 138/2/1
f 141/2/1 139/2/1 140/2/1
f 144/2/1 143/2/1 142/2/1
f 145/2/1 143/2/1 144/2/1
f 148/1/1 147/1/1 146/1/1
f 149/1/1 147/1/1 148/1/1
f 152/2/1 151/2/1 150/2/1
f 153/2/1 151/2/1 152/2/1
f 156/2/1 155/2/1 154/2/1
f 157/2/1 155/2/1 156/2/1
f 160/2/1 159/2/1 158/2/1
f 161/2/1 159/2/1 160/2/1
f 164/1/1 163/1/1 162/1/1
f 165/1/1 163/1/1 164/1/1
f 169/1/1 167/1/1 166/1/1
f 170/1/1 167/1/1 169/1/1
f 172/1/1 169/1/1 168/1/1
f 173/1/1 169/1/1 172/1/1
f 174/1/1 171/1/1 170/1/1
f 175/1/1 171/1/1 174/1/1
f 179/1/1 177/1/1 176/1/1
f 180/1/1 177/1/1 179/1/1
f 184/1/1 179/1/1 178/1/1
f 185/1/1 179/1/1 184/1/1
f 186/1/1 182/1/1 181/1/1
f 187/1/1 182/1/1 186/1/1
f 188/1/1 184/1/1 183/1/1
f 189/1/1 184/1/1 188/1/1
f 190/1/1 182/1/1 187/1/1
f 191/1/1 182/1/1 190/1/1
f 194/2/1 193/2/1 192/2/1
f 195/2/1 193/2/1 194/2/1
f 198/2/1 197/2/1 196/2/1
f 199/2/1 197/2/1 198/2/1
f 202/2/1 201/2/1 200/2/1
f 203/2/1 201/2/1 202/2/1
f 206/1/1 205/1/1 204/1/1
f 207/1/1 205/1/1 206/1/1
f 213/1/1 209/1/1 208/1/1
f 214/1/1 209/1/1 213/1/1
f 215/1/1 211/1/1 210/1/1
f 216/1/1 211/1/1 215/1/1
f 218/1/1 213/1/1 212/1/1
f 219/1/1 213/1/1 218/1/1
f 222/1/1 218/1/1 217/1/1
f 223/1/1 218/1/1 222/1/1
f 224/1/1 221/1/1 220/1/1
f 225/1/1 221/1/1 224/1/1
f 231/1/1 227/1/1 226/1/1
f 232/1/1 227/1/1 231/1/1
f 233/1/1 229/1/1 228/1/1
f 234/1/1 229/1/1 233/1/1
f 238/1/1 231/1/1 230/1/1
f 239/1/1 231/1/1 238/1/1
f 240/1/1 236/1/1 235/1/1
f 241/1/1 236/1/1 240/1/1
f 243/1/1 238/1/1 237/1/1
f 244/1/1 238/1/1 243/1/1
f 245/1/1 242/1/1 241/1/1
f 246/1/1 242/1/1 245/1/1
f 249/2/1 248/2/1 247/2/1
f 250/2/1 248/2/1 249/2/1
f 253/1/1 252/1/1 251/1/1
f 254/1/1 252/1/1 253/1/1
f 257/2/1 256/2/1 255/2/1
f 258/2/1 256/2/1 257/2/1
f 261/2/1 260/2/1 259/2/1
f 262/2/1 260/2/1 261/2/1
f 265/1/1 264/1/1 263/1/1
f 266/1/1 264/1/1 265/1/1
f 269/2/1 268/2/1 267/2/1
f 270/2/1 269/2/1 267/2/1
f 271/2/1 269/2/1 270/2/1
f 276/1/1 275/1/1 274/1/1
f 277/1/1 275/1/1 276/1/1
f 280/1/1 279/1/1 278/1/1
f 281/1/1 279/1/1 280/1/1
f 282/1/1 273/1/1 272/1/1
f 283/1/1 273/1/1 282/1/1
f 286/2/1 285/2/1 284/2/1
f 287/2/1 285/2/1 286/2/1
f 290/2/1 289/2/1 288/2/1
f 291/2/1 289/2/1 290/2/1
f 294/2/1 293/2/1 292/2/1
f 295/2/1 293/2/1 294/2/1
f 298/2/1 297/2/1 296/2/1
f 299/2/1 297/2/1 298/2/1
f 300/2/1 299/2/1 298/2/1
f 301/2/1 299/2/1 300/2/1
f 304/2/1 303/2/1 302/2/1
f 305/2/1 303/2/1 304/2/1
f 310/2/1 307/2/1 306/2/1
f 310/2/1 308/2/1 307/2/1
f 311/2/1 308/2/1 310/2/1
f 312/2/1 310/2/1 309/2/1
f 313/2/1 310/2/1 312/2/1
f 318/2/1 315/2/1 314/2/1
f 319/2/1 315/2/1 318/2/1
f 320/2/1 317/2/1 316/2/1
f 321/2/1 317/2/1 320/2/1
f 324/2/1 323/2/1 322/2/1
f 325/2/1 323/2/1 324/2/1
f 328/2/1 327/2/1 326/2/1
f 329/2/1 327/2/1 328/2/1
f 332/2/1 331/2/1 330/2/1
f 333/2/1 331/2/1 332/2/1
f 336/2/1 335/2/1 334/2/1
f 337/2/1 335/2/1 336/2/1
f 340/1/1 339/1/1 338/1/1
f 341/1/1 339/1/1 340/1/1
f 344/2/1 343/2/1 342/2/1
f 345/2/1 343/2/1 344/2/1
f 348/2/1 347/2/1 346/2/1
f 349/2/1 347/2/1 348/2/1
f 352/2/1 351/2/1 350/2/1
f 353/2/1 351/2/1 352/2/1
f 356/2/1 355/2/1 354/2/1
f 357/2/1 355/2/1 356/2/1
f 362/2/1 359/2/1 358/2/1
f 363/2/1 359/2/1 362/2/1
f 366/2/1 361/2/1 360/2/1
f 367/2/1 361/2/1 366/2/1
f 368/2/1 365/2/1 364/2/1
f 369/2/1 365/2/1 368/2/1
f 372/2/1 371/2/1 370/2/1
f 373/2/1 371/2/1 372/2/1
f 376/1/1 375/1/1 374/1/1
f 377/1/1 375/1/1 376/1/1
f 380/1/1 379/1/1 378/1/1
f 381/1/1 379/1/1 380/1/1
f 384/1/1 383/1/1 382/1/1
f 385/1/1 383/1/1 384/1/1
f 388/1/1 387/1/1 386/1/1
f 389/1/1 387/1/1 388/1/1
f 395/1/1 391/1/1 390/1/1
f 396/1/1 391/1/1 395/1/1
f 397/1/1 391/1/1 396/1/1
f 398/1/1 393/1/1 392/1/1
f 399/1/1 393/1/1 398/1/1
f 400/1/1 395/1/1 394/1/1
f 400/1/1 396/1/1 395/1/1
f 401/1/1 396/1/1 400/1/1
f 404/1/1 403/1/1 402/1/1
f 405/1/1 403/1/1 404/1/1
f 408/1/1 407/1/1 406/1/1
f 409/1/1 407/1/1 408/1/1
f 412/1/1 411/1/1 410/1/1
f 413/1/1 411/1/1 412/1/1
f 420/2/1 415/2/1 414/2/1
f 421/2/1 415/2/1 420/2/1
f 422/2/1 418/2/1 417/2/1
f 422/2/1 417/2/1 416/2/1
f 424/2/1 421/2/1 420/2/1
f 424/2/1 422/2/1 421/2/1
f 424/2/1 420/2/1 419/2/1
f 426/2/1 424/2/1 423/2/1
f 428/2/1 426/2/1 425/2/1
f 430/2/1 428/2/1 427/2/1
f 432/2/1 430/2/1 429/2/1
f 434/2/1 432/2/1 431/2/1
f 435/2/1 434/2/1 433/2/1
f 436/2/1 418/2/1 422/2/1
f 436/2/1 434/2/1 435/2/1
f 436/2/1 422/2/1 424/2/1
f 436/2/1 432/2/1 434/2/1
f 436/2/1 424/2/1 426/2/1
f 436/2/1 430/2/1 432/2/1
f 436/2/1 426/2/1 428/2/1
f 436/2/1 428/2/1 430/2/1
f 440/2/1 438/2/1 437/2/1
f 440/2/1 439/2/1 438/2/1
f 441/2/1 439/2/1 440/2/1
f 450/2/1 443/2/1 442/2/1
f 450/2/1 448/2/1 447/2/1
f 450/2/1 447/2/1 446/2/1
f 450/2/1 446/2/1 445/2/1
f 450/2/1 445/2/1 444/2/1
f 450/2/1 444/2/1 443/2/1
f 452/2/1 450/2/1 449/2/1
f 454/2/1 452/2/1 451/2/1
f 455/2/1 454/2/1 453/2/1
f 456/2/1 448/2/1 450/2/1
f 456/2/1 454/2/1 455/2/1
f 456/2/1 450/2/1 452/2/1
f 456/2/1 452/2/1 454/2/1
f 457/2/2 458/2/2 460/2/2
f 459/2/2 460/2/2 464/2/2
f 461/2/2 462/2/2 465/2/2
f 465/2/2 462/2/2 466/2/2
f 463/2/2 464/2/2 467/2/2
f 460/2/2 458/2/2 468/2/2
f 467/2/2 464/2/2 468/2/2
f 464/2/2 460/2/2 468/2/2
f 469/2/2 470/2/2 471/2/2
f 471/2/2 470/2/2 472/2/2
f 473/1/2 474/1/2 475/1/2
f 475/1/2 474/1/2 476/1/2
f 477/2/2 478/2/2 479/2/2
f 479/2/2 478/2/2 480/2/2
f 481/2/2 482/2/2 483/2/2
f 483/2/2 482/2/2 484/2/2
f 485/2/2 486/2/2 487/2/2
f 487/2/2 486/2/2 488/2/2
f 489/2/2 490/2/2 491/2/2
f 491/2/2 490/2/2 492/2/2
f 493/2/2 494/2/2 495/2/2
f 495/2/2 494/2/2 496/2/2
f 497/2/2 498/2/2 499/2/2
f 499/2/2 498/2/2 500/2/2
f 501/2/2 502/2/2 504/2/2
f 502/2/2 503/2/2 504/2/2
f 504/2/2 503/2/2 505/2/2
f 506/2/2 507/2/2 509/2/2
f 508/2/2 509/2/2 511/2/2
f 510/2/2 511/2/2 513/2/2
f 512/2/2 513/2/2 514/2/2
f 509/2/2 507/2/2 515/2/2
f 514/2/2 513/2/2 515/2/2
f 511/2/2 509/2/2 515/2/2
f 513/2/2 511/2/2 515/2/2
f 516/2/2 517/2/2 521/2/2
f 521/2/2 517/2/2 522/2/2
f 518/2/2 519/2/2 523/2/2
f 521/2/2 522/2/2 524/2/2
f 522/2/2 523/2/2 524/2/2
f 520/2/2 521/2/2 524/2/2
f 523/2/2 519/2/2 525/2/2
f 524/2/2 523/2/2 525/2/2
f 526/2/2 527/2/2 529/2/2
f 527/2/2 528/2/2 529/2/2
f 529/2/2 528/2/2 530/2/2
f 531/2/2 532/2/2 538/2/2
f 538/2/2 532/2/2 539/2/2
f 533/2/2 534/2/2 540/2/2
f 540/2/2 534/2/2 541/2/2
f 536/2/2 537/2/2 542/2/2
f 535/2/2 536/2/2 542/2/2
f 542/2/2 537/2/2 543/2/2
f 544/1/2 545/1/2 547/1/2
f 546/1/2 547/1/2 548/1/2
f 547/1/2 545/1/2 549/1/2
f 548/1/2 547/1/2 549/1/2
f 550/1/2 551/1/2 552/1/2
f 552/1/2 551/1/2 553/1/2
f 554/1/2 555/1/2 556/1/2
f 556/1/2 555/1/2 557/1/2
f 558/1/2 559/1/2 560/1/2
f 560/1/2 559/1/2 561/1/2
f 562/1/2 563/1/2 564/1/2
f 564/1/2 563/1/2 565/1/2
f 566/2/2 567/2/2 568/2/2
f 568/2/2 567/2/2 569/2/2
f 570/2/2 571/2/2 572/2/2
f 572/2/2 571/2/2 573/2/2
f 574/2/2 575/2/2 576/2/2
f 576/2/2 575/2/2 577/2/2
f 578/2/2 579/2/2 580/2/2
f 580/2/2 579/2/2 581/2/2
f 582/2/2 583/2/2 584/2/2
f 584/2/2 583/2/2 585/2/2
f 586/2/2 587/2/2 588/2/2
f 588/2/2 587/2/2 589/2/2
f 590/2/2 591/2/2 592/2/2
f 592/2/2 591/2/2 593/2/2
f 594/2/2 595/2/2 596/2/2
f 596/2/2 595/2/2 597/2/2
f 598/2/2 599/2/2 600/2/2
f 600/2/2 599/2/2 601/2/2
f 602/2/2 603/2/2 604/2/2
f 604/2/2 603/2/2 605/2/2
f 606/2/2 607/2/2 608/2/2
f 608/2/2 607/2/2 609/2/2
f 610/2/2 611/2/2 612/2/2
f 612/2/2 611/2/2 613/2/2
f 614/2/2 615/2/2 616/2/2
f 616/2/2 615/2/2 617/2/2
f 618/2/2 619/2/2 622/2/2
f 622/2/2 619/2/2 623/2/2
f 620/2/2 621/2/2 626/2/2
f 626/2/2 621/2/2 627/2/2
f 624/2/2 625/2/2 628/2/2
f 628/2/2 625/2/2 629/2/2
f 630/2/2 631/2/2 632/2/2
f 632/2/2 631/2/2 633/2/2
f 634/2/2 635/2/2 636/2/2
f 636/2/2 635/2/2 637/2/2
f 638/2/2 639/2/2 640/2/2
f 640/2/2 639/2/2 641/2/2
f 642/2/2 643/2/2 644/2/2
f 644/2/2 643/2/2 645/2/2
f 646/2/2 647/2/2 650/2/2
f 650/2/2 647/2/2 651/2/2
f 648/2/2 649/2/2 652/2/2
f 652/2/2 649/2/2 653/2/2
f 654/2/2 655/2/2 658/2/2
f 658/2/2 655/2/2 659/2/2
f 656/2/2 657/2/2 660/2/2
f 660/2/2 657/2/2 661/2/2
f 662/2/2 663/2/2 664/2/2
f 664/2/2 663/2/2 665/2/2
f 664/2/2 665/2/2 668/2/2
f 668/2/2 665/2/2 669/2/2
f 666/2/2 667/2/2 670/2/2
f 670/2/2 667/2/2 671/2/2
f 672/2/2 673/2/2 674/2/2
f 674/2/2 673/2/2 675/2/2
f 676/2/2 677/2/2 678/2/2
f 678/2/2 677/2/2 679/2/2
f 680/2/2 681/2/2 682/2/2
f 682/2/2 681/2/2 683/2/2
f 684/2/2 685/2/2 686/2/2
f 686/2/2 685/2/2 687/2/2
f 688/2/2 689/2/2 690/2/2
f 690/2/2 689/2/2 691/2/2
f 692/2/2 693/2/2 698/2/2
f 698/2/2 693/2/2 699/2/2
f 694/2/2 695/2/2 701/2/2
f 701/2/2 695/2/2 702/2/2
f 696/2/2 697/2/2 703/2/2
f 703/2/2 697/2/2 704/2/2
f 700/2/2 701/2/2 705/2/2
f 705/2/2 701/2/2 706/2/2
f 707/2/2 708/2/2 709/2/2
f 709/2/2 708/2/2 710/2/2
f 711/2/2 712/2/2 714/2/2
f 714/2/2 712/2/2 715/2/2
f 713/2/2 714/2/2 717/2/2
f 717/2/2 714/2/2 718/2/2
f 718/2/2 714/2/2 719/2/2
f 716/2/2 717/2/2 721/2/2
f 717/2/2 718/2/2 721/2/2
f 721/2/2 718/2/2 722/2/2
f 720/2/2 721/2/2 724/2/2
f 724/2/2 721/2/2 725/2/2
f 723/2/2 724/2/2 726/2/2
f 726/2/2 724/2/2 727/2/2
f 728/2/2 729/2/2 731/2/2
f 731/2/2 729/2/2 732/2/2
f 730/2/2 731/2/2 733/2/2
f 733/2/2 731/2/2 734/2/2
f 735/1/2 736/1/2 737/1/2
f 737/1/2 736/1/2 738/1/2
f 739/1/2 740/1/2 741/1/2
f 741/1/2 740/1/2 742/1/2
f 743/1/2 744/1/2 745/1/2
f 745/1/2 744/1/2 746/1/2
f 747/1/2 748/1/2 749/1/2
f 749/1/2 748/1/2 750/1/2
f 751/1/2 752/1/2 755/1/2
f 755/1/2 752/1/2 756/1/2
f 753/1/2 754/1/2 757/1/2
f 757/1/2 754/1/2 758/1/2
f 759/1/2 760/1/2 765/1/2
f 765/1/2 760/1/2 766/1/2
f 761/1/2 762/1/2 767/1/2
f 767/1/2 762/1/2 768/1/2
f 763/1/2 764/1/2 772/1/2
f 772/1/2 764/1/2 773/1/2
f 769/1/2 770/1/2 774/1/2
f 774/1/2 770/1/2 775/1/2
f 771/1/2 772/1/2 777/1/2
f 777/1/2 772/1/2 778/1/2
f 775/1/2 776/1/2 779/1/2
f 779/1/2 776/1/2 780/1/2
f 781/1/2 782/1/2 787/1/2
f 787/1/2 782/1/2 788/1/2
f 783/1/2 784/1/2 789/1/2
f 789/1/2 784/1/2 790/1/2
f 785/1/2 786/1/2 792/1/2
f 792/1/2 786/1/2 793/1/2
f 791/1/2 792/1/2 796/1/2
f 796/1/2 792/1/2 797/1/2
f 794/1/2 795/1/2 798/1/2
f 798/1/2 795/1/2 799/1/2
f 800/1/2 801/1/2 804/1/2
f 804/1/2 801/1/2 805/1/2
f 802/1/2 803/1/2 809/1/2
f 809/1/2 803/1/2 810/1/2
f 806/1/2 807/1/2 811/1/2
f 811/1/2 807/1/2 812/1/2
f 808/1/2 809/1/2 813/1/2
f 813/1/2 809/1/2 814/1/2
f 812/1/2 807/1/2 815/1/2
f 815/1/2 807/1/2 816/1/2
f 817/1/2 818/1/2 820/1/2
f 820/1/2 818/1/2 821/1/2
f 819/1/2 820/1/2 823/1/2
f 821/1/2 822/1/2 823/1/2
f 820/1/2 821/1/2 823/1/2
f 823/1/2 822/1/2 824/1/2
f 825/1/2 826/1/2 827/1/2
f 827/1/2 826/1/2 828/1/2
f 829/1/2 830/1/2 831/1/2
f 831/1/2 830/1/2 832/1/2
f 833/1/2 834/1/2 835/1/2
f 835/1/2 834/1/2 836/1/2
f 837/1/2 838/1/2 839/1/2
f 839/1/2 838/1/2 840/1/2
f 841/1/2 842/1/2 843/1/2
f 843/1/2 842/1/2 844/1/2
f 845/1/2 846/1/2 847/1/2
f 847/1/2 846/1/2 848/1/2
f 849/1/2 850/1/2 851/1/2
f 851/1/2 850/1/2 852/1/2
f 853/1/2 854/1/2 855/1/2
f 855/1/2 854/1/2 856/1/2
f 856/1/2 854/1/2 857/1/2
f 857/1/2 854/1/2 858/1/2
f 856/1/2 857/1/2 859/1/2
f 859/1/2 857/1/2 860/1/2
f 861/1/2 862/1/2 863/1/2
f 863/1/2 862/1/2 864/1/2
f 865/2/2 866/2/2 867/2/2
f 867/2/2 866/2/2 868/2/2
f 868/2/2 866/2/2 869/2/2
f 869/2/2 866/2/2 870/2/2
f 870/2/2 866/2/2 871/2/2
f 871/2/2 866/2/2 872/2/2
f 865/2/2 867/2/2 873/2/2
f 868/2/2 869/2/2 874/2/2
f 874/2/2 869/2/2 875/2/2
f 870/2/2 871/2/2 876/2/2
f 876/2/2 871/2/2 877/2/2
f 876/2/2 877/2/2 879/2/2
f 877/2/2 878/2/2 879/2/2
f 875/2/2 876/2/2 879/2/2
f 874/2/2 875/2/2 879/2/2
f 873/2/2 874/2/2 879/2/2
f 865/2/2 873/2/2 879/2/2
f 879/2/2 878/2/2 880/2/2
f 880/2/2 878/2/2 881/2/2
f 881/2/2 878/2/2 882/2/2
f 880/2/2 881/2/2 883/2/2
f 883/2/2 881/2/2 884/2/2
f 880/2/2 883/2/2 885/2/2
f 885/2/2 883/2/2 886/2/2
f 886/2/2 883/2/2 887/2/2
f 887/2/2 883/2/2 888/2/2
f 886/2/2 887/2/2 889/2/2
f 889/2/2 887/2/2 890/2/2
f 886/2/2 889/2/2 891/2/2
f 891/2/2 889/2/2 892/2/2
f 886/2/2 891/2/2 893/2/2
f 893/2/2 891/2/2 894/2/2
f 886/2/2 893/2/2 896/2/2
f 896/2/2 893/2/2 897/2/2
f 897/2/2 893/2/2 898/2/2
f 895/2/2 896/2/2 899/2/2
f 896/2/2 897/2/2 899/2/2
f 899/2/2 897/2/2 900/2/2
f 900/2/2 897/2/2 902/2/2
f 902/2/2 897/2/2 903/2/2
f 903/2/2 897/2/2 904/2/2
f 901/2/2 902/2/2 905/2/2
f 902/2/2 903/2/2 905/2/2
f 905/2/2 903/2/2 906/2/2
f 906/2/2 903/2/2 907/2/2
f 907/2/2 903/2/2 908/2/2
f 906/2/2 907/2/2 910/2/2
f 910/2/2 907/2/2 911/2/2
f 911/2/2 907/2/2 912/2/2
f 909/2/2 910/2/2 913/2/2
f 910/2/2 911/2/2 913/2/2
f 913/2/2 911/2/2 914/2/2
f 914/2/2 911/2/2 915/2/2
f 915/2/2 911/2/2 916/2/2
f 914/2/2 915/2/2 918/2/2
f 918/2/2 915/2/2 919/2/2
f 919/2/2 915/2/2 920/2/2
f 917/2/2 918/2/2 922/2/2
f 918/2/2 919/2/2 922/2/2
f 922/2/2 919/2/2 923/2/2
f 923/2/2 924/2/2 927/2/2
f 921/2/2 922/2/2 927/2/2
f 922/2/2 923/2/2 927/2/2
f 927/2/2 928/2/2 929/2/2
f 925/2/2 926/2/2 930/2/2
f 927/2/2 929/2/2 931/2/2
f 929/2/2 930/2/2 931/2/2
f 921/2/2 927/2/2 931/2/2
f 930/2/2 926/2/2 932/2/2
f 931/2/2 930/2/2 932/2/2
f 940/2/3 938/2/3 937/2/3
f 941/2/3 934/2/3 933/2/3
f 942/2/3 934/2/3 941/2/3
f 943/2/3 936/2/3 935/2/3
f 944/2/3 936/2/3 943/2/3
f 945/2/3 940/2/3 939/2/3
f 946/2/3 938/2/3 940/2/3
f 946/2/3 940/2/3 945/2/3
f 955/2/3 954/2/3 953/2/3
f 956/2/3 954/2/3 955/2/3
f 957/2/3 948/2/3 947/2/3
f 958/2/3 948/2/3 957/2/3
f 959/2/3 950/2/3 949/2/3
f 960/2/3 950/2/3 959/2/3
f 961/2/3 952/2/3 951/2/3
f 962/2/3 952/2/3 961/2/3
f 963/2/3 955/2/3 953/2/3
f 964/2/3 955/2/3 963/2/3
f 975/1/3 974/1/3 973/1/3
f 976/1/3 974/1/3 975/1/3
f 977/2/3 966/2/3 965/2/3
f 978/2/3 966/2/3 977/2/3
f 979/2/3 968/2/3 967/2/3
f 980/2/3 968/2/3 979/2/3
f 981/2/3 970/2/3 969/2/3
f 982/2/3 970/2/3 981/2/3
f 983/2/3 972/2/3 971/2/3
f 984/2/3 972/2/3 983/2/3
f 987/1/3 986/1/3 985/1/3
f 988/1/3 986/1/3 987/1/3
f 991/1/3 990/1/3 989/1/3
f 992/1/3 990/1/3 991/1/3
f 995/1/3 994/1/3 993/1/3
f 996/1/3 994/1/3 995/1/3
f 999/1/3 998/1/3 997/1/3
f 1000/1/3 998/1/3 999/1/3
f 1003/1/3 1002/1/3 1001/1/3
f 1004/1/3 1002/1/3 1003/1/3
f 1007/1/3 1006/1/3 1005/1/3
f 1008/1/3 1006/1/3 1007/1/3
f 1011/1/3 1010/1/3 1009/1/3
f 1012/1/3 1010/1/3 1011/1/3
f 1015/1/3 1014/1/3 1013/1/3
f 1016/1/3 1014/1/3 1015/1/3
f 1019/1/3 1018/1/3 1017/1/3
f 1020/1/3 1018/1/3 1019/1/3
f 1023/1/3 1022/1/3 1021/1/3
f 1024/1/3 1022/1/3 1023/1/3
f 1027/1/3 1026/1/3 1025/1/3
f 1028/1/3 1026/1/3 1027/1/3
f 1032/1/3 1030/1/3 1029/1/3
f 1033/1/3 1030/1/3 1032/1/3
f 1034/1/3 1032/1/3 1031/1/3
f 1035/1/3 1032/1/3 1034/1/3
f 1037/1/3 1036/1/3 1035/1/3
f 1038/1/3 1036/1/3 1037/1/3
f 1044/1/3 1040/1/3 1039/1/3
f 1045/1/3 1040/1/3 1044/1/3
f 1047/1/3 1044/1/3 1043/1/3
f 1048/1/3 1044/1/3 1047/1/3
f 1049/1/3 1042/1/3 1041/1/3
f 1050/1/3 1042/1/3 1049/1/3
f 1051/1/3 1047/1/3 1046/1/3
f 1052/1/3 1047/1/3 1051/1/3
f 1055/1/3 1054/1/3 1053/1/3
f 1056/1/3 1054/1/3 1055/1/3
f 1058/1/3 1057/1/3 1056/1/3
f 1059/1/3 1057/1/3 1058/1/3
f 1063/1/3 1061/1/3 1060/1/3
f 1064/1/3 1061/1/3 1063/1/3
f 1066/1/3 1063/1/3 1062/1/3
f 1067/1/3 1063/1/3 1066/1/3
f 1068/1/3 1066/1/3 1065/1/3
f 1069/1/3 1066/1/3 1068/1/3
f 1072/1/3 1071/1/3 1070/1/3
f 1073/1/3 1071/1/3 1072/1/3
f 1076/1/3 1075/1/3 1074/1/3
f 1077/1/3 1075/1/3 1076/1/3
f 1079/1/3 1078/1/3 1077/1/3
f 1080/1/3 1078/1/3 1079/1/3
f 1084/1/3 1082/1/3 1081/1/3
f 1085/1/3 1082/1/3 1084/1/3
f 1087/1/3 1084/1/3 1083/1/3
f 1088/1/3 1084/1/3 1087/1/3
f 1089/1/3 1087/1/3 1086/1/3
f 1090/1/3 1087/1/3 1089/1/3
f 1093/1/3 1092/1/3 1091/1/3
f 1094/1/3 1092/1/3 1093/1/3
f 1097/1/3 1096/1/3 1095/1/3
f 1098/1/3 1096/1/3 1097/1/3
f 1101/1/3 1100/1/3 1099/1/3
f 1102/1/3 1100/1/3 1101/1/3
f 1107/2/3 1106/2/3 1105/2/3
f 1108/2/3 1106/2/3 1107/2/3
f 1109/1/3 1104/1/3 1103/1/3
f 1110/1/3 1104/1/3 1109/1/3
f 1117/2/3 1116/2/3 1115/2/3
f 1118/2/3 1116/2/3 1117/2/3
f 1119/1/3 1112/1/3 1111/1/3
f 1120/1/3 1112/1/3 1119/1/3
f 1121/1/3 1114/1/3 1113/1/3
f 1122/1/3 1114/1/3 1121/1/3
f 1125/2/3 1124/2/3 1123/2/3
f 1127/2/3 1125/2/3 1123/2/3
f 1127/2/3 1126/2/3 1125/2/3
f 1128/2/3 1126/2/3 1127/2/3
f 1130/2/3 1126/2/3 1128/2/3
f 1131/2/3 1130/2/3 1129/2/3
f 1132/2/3 1126/2/3 1130/2/3
f 1132/2/3 1130/2/3 1131/2/3
f 1133/2/3 1126/2/3 1132/2/3
f 1136/2/3 1135/2/3 1134/2/3
f 1137/2/3 1135/2/3 1136/2/3
f 1140/2/3 1139/2/3 1138/2/3
f 1142/2/3 1140/2/3 1138/2/3
f 1142/2/3 1141/2/3 1140/2/3
f 1143/2/3 1141/2/3 1142/2/3
f 1144/2/3 1142/2/3 1138/2/3
f 1145/2/3 1142/2/3 1144/2/3
f 1148/1/3 1147/1/3 1146/1/3
f 1149/1/3 1147/1/3 1148/1/3
f 1152/2/3 1151/2/3 1150/2/3
f 1153/2/3 1151/2/3 1152/2/3
f 1156/2/3 1155/2/3 1154/2/3
f 1157/2/3 1155/2/3 1156/2/3
f 1160/2/3 1159/2/3 1158/2/3
f 1161/2/3 1159/2/3 1160/2/3
f 1164/2/3 1163/2/3 1162/2/3
f 1165/2/3 1163/2/3 1164/2/3
f 1166/2/3 1164/2/3 1162/2/3
f 1167/2/3 1166/2/3 1162/2/3
f 1168/2/3 1166/2/3 1167/2/3
f 1169/2/3 1166/2/3 1168/2/3
f 1171/2/3 1169/2/3 1168/2/3
f 1171/2/3 1170/2/3 1169/2/3
f 1172/2/3 1170/2/3 1171/2/3
f 1173/2/3 1171/2/3 1168/2/3
f 1174/2/3 1171/2/3 1173/2/3
f 1177/2/3 1176/2/3 1175/2/3
f 1178/2/3 1176/2/3 1177/2/3
f 1181/2/3 1180/2/3 1179/2/3
f 1182/2/3 1180/2/3 1181/2/3
f 1185/2/3 1184/2/3 1183/2/3
f 1186/2/3 1184/2/3 1185/2/3
f 1189/2/3 1188/2/3 1187/2/3
f 1190/2/3 1188/2/3 1189/2/3
f 1193/2/3 1192/2/3 1191/2/3
f 1194/2/3 1192/2/3 1193/2/3
f 1197/2/3 1196/2/3 1195/2/3
f 1198/2/3 1196/2/3 1197/2/3
f 1201/2/3 1200/2/3 1199/2/3
f 1202/2/3 1200/2/3 1201/2/3
f 1203/2/3 1201/2/3 1199/2/3
f 1205/2/3 1203/2/3 1199/2/3
f 1205/2/3 1204/2/3 1203/2/3
f 1206/2/3 1204/2/3 1205/2/3
f 1207/2/3 1205/2/3 1199/2/3
f 1208/2/3 1205/2/3 1207/2/3
f 1211/2/3 1210/2/3 1209/2/3
f 1212/2/3 1210/2/3 1211/2/3
f 1215/2/3 1214/2/3 1213/2/3
f 1216/2/3 1214/2/3 1215/2/3
f 1219/1/3 1218/1/3 1217/1/3
f 1220/1/3 1218/1/3 1219/1/3
f 1223/1/3 1222/1/3 1221/1/3
f 1224/1/3 1222/1/3 1223/1/3
f 1227/1/3 1226/1/3 1225/1/3
f 1228/1/3 1226/1/3 1227/1/3
f 1231/2/3 1230/2/3 1229/2/3
f 1232/2/3 1231/2/3 1229/2/3
f 1233/2/3 1231/2/3 1232/2/3
f 1238/2/3 1237/2/3 1236/2/3
f 1239/2/3 1238/2/3 1236/2/3
f 1240/2/3 1238/2/3 1239/2/3
f 1241/2/3 1235/2/3 1234/2/3
f 1242/2/3 1235/2/3 1241/2/3
f 1243/1/4 1244/1/4 1245/1/4
f 1245/1/4 1244/1/4 1246/1/4
f 1247/1/4 1248/1/4 1249/1/4
f 1249/1/4 1248/1/4 1250/1/4
f 1251/1/4 1252/1/4 1253/1/4
f 1253/1/4 1252/1/4 1254/1/4
f 1255/1/4 1256/1/4 1257/1/4
f 1257/1/4 1256/1/4 1258/1/4
f 1259/1/4 1260/1/4 1261/1/4
f 1261/1/4 1260/1/4 1262/1/4
f 1263/1/4 1264/1/4 1265/1/4
f 1265/1/4 1264/1/4 1266/1/4
f 1267/1/4 1268/1/4 1269/1/4
f 1269/1/4 1268/1/4 1270/1/4
f 1271/1/4 1272/1/4 1273/1/4
f 1273/1/4 1272/1/4 1274/1/4
f 1275/1/4 1276/1/4 1277/1/4
f 1277/1/4 1276/1/4 1278/1/4
f 1279/1/4 1280/1/4 1281/1/4
f 1281/1/4 1280/1/4 1282/1/4
f 1283/2/4 1284/2/4 1285/2/4
f 1285/2/4 1284/2/4 1286/2/4
f 1287/2/4 1288/2/4 1289/2/4
f 1289/2/4 1288/2/4 1290/2/4
f 1291/2/4 1292/2/4 1293/2/4
f 1293/2/4 1292/2/4 1294/2/4
f 1297/1/4 1298/1/4 1299/1/4
f 1299/1/4 1298/1/4 1300/1/4
f 1295/2/4 1296/2/4 1301/2/4
f 1301/2/4 1296/2/4 1302/2/4
f 1303/2/4 1304/2/4 1307/2/4
f 1307/2/4 1304/2/4 1308/2/4
f 1305/2/4 1306/2/4 1309/2/4
f 1309/2/4 1306/2/4 1310/2/4
f 1311/2/4 1312/2/4 1313/2/4
f 1313/2/4 1312/2/4 1314/2/4
f 1315/2/4 1316/2/4 1317/2/4
f 1317/2/4 1316/2/4 1318/2/4
f 1319/2/4 1320/2/4 1321/2/4
f 1321/2/4 1320/2/4 1322/2/4
f 1323/2/4 1324/2/4 1325/2/4
f 1325/2/4 1324/2/4 1326/2/4
f 1327/2/4 1328/2/4 1329/2/4
f 1329/2/4 1328/2/4 1330/2/4
f 1331/2/4 1332/2/4 1333/2/4
f 1333/2/4 1332/2/4 1334/2/4
f 1335/2/4 1336/2/4 1337/2/4
f 1337/2/4 1336/2/4 1338/2/4
f 1339/2/4 1340/2/4 1341/2/4
f 1341/2/4 1340/2/4 1342/2/4
f 1343/2/4 1344/2/4 1345/2/4
f 1345/2/4 1344/2/4 1346/2/4
f 1347/2/4 1348/2/4 1349/2/4
f 1349/2/4 1348/2/4 1350/2/4
f 1351/2/4 1352/2/4 1353/2/4
f 1353/2/4 1352/2/4 1354/2/4
f 1354/2/4 1355/2/4 1356/2/4
f 1356/2/4 1355/2/4 1357/2/4
f 1358/2/4 1359/2/4 1361/2/4
f 1361/2/4 1359/2/4 1362/2/4
f 1360/2/4 1361/2/4 1363/2/4
f 1363/2/4 1361/2/4 1364/2/4
f 1365/2/4 1366/2/4 1367/2/4
f 1365/2/4 1367/2/4 1369/2/4
f 1367/2/4 1368/2/4 1369/2/4
f 1369/2/4 1368/2/4 1370/2/4
f 1370/2/4 1368/2/4 1372/2/4
f 1371/2/4 1372/2/4 1373/2/4
f 1372/2/4 1368/2/4 1374/2/4
f 1373/2/4 1372/2/4 1374/2/4
f 1374/2/4 1368/2/4 1375/2/4
f 1374/2/4 1375/2/4 1378/2/4
f 1375/2/4 1376/2/4 1378/2/4
f 1377/2/4 1378/2/4 1379/2/4
f 1378/2/4 1376/2/4 1380/2/4
f 1379/2/4 1378/2/4 1380/2/4
f 1380/2/4 1376/2/4 1382/2/4
f 1381/2/4 1382/2/4 1383/2/4
f 1382/2/4 1376/2/4 1384/2/4
f 1383/2/4 1382/2/4 1384/2/4
f 1384/2/4 1376/2/4 1385/2/4
f 1385/2/4 1376/2/4 1386/2/4
f 1384/2/4 1385/2/4 1388/2/4
f 1388/2/4 1385/2/4 1389/2/4
f 1387/2/4 1388/2/4 1389/2/4
f 1389/2/4 1385/2/4 1390/2/4
f 1387/2/4 1389/2/4 1391/2/4
f 1391/2/4 1389/2/4 1392/2/4
f 1393/2/4 1394/2/4 1395/2/4
f 1395/2/4 1394/2/4 1396/2/4
f 1397/2/4 1398/2/4 1399/2/4
f 1399/2/4 1398/2/4 1400/2/4
f 1401/2/4 1402/2/4 1403/2/4
f 1403/2/4 1402/2/4 1404/2/4
f 1404/2/4 1405/2/4 1406/2/4
f 1404/2/4 1406/2/4 1408/2/4
f 1406/2/4 1407/2/4 1408/2/4
f 1408/2/4 1407/2/4 1409/2/4
f 1409/2/4 1407/2/4 1412/2/4
f 1412/2/4 1407/2/4 1413/2/4
f 1410/2/4 1411/2/4 1414/2/4
f 1414/2/4 1411/2/4 1415/2/4
f 1416/2/4 1417/2/4 1418/2/4
f 1418/2/4 1417/2/4 1419/2/4
f 1420/2/4 1421/2/4 1422/2/4
f 1422/2/4 1421/2/4 1423/2/4
f 1424/2/4 1425/2/4 1426/2/4
f 1426/2/4 1425/2/4 1427/2/4
f 1428/2/4 1429/2/4 1431/2/4
f 1431/2/4 1429/2/4 1432/2/4
f 1430/2/4 1431/2/4 1433/2/4
f 1433/2/4 1431/2/4 1434/2/4
f 1435/2/4 1436/2/4 1437/2/4
f 1435/2/4 1437/2/4 1439/2/4
f 1437/2/4 1438/2/4 1439/2/4
f 1439/2/4 1438/2/4 1440/2/4
f 1435/2/4 1439/2/4 1441/2/4
f 1441/2/4 1439/2/4 1442/2/4
f 1443/2/4 1444/2/4 1445/2/4
f 1445/2/4 1444/2/4 1446/2/4
f 1447/2/4 1448/2/4 1450/2/4
f 1448/2/4 1449/2/4 1450/2/4
f 1450/2/4 1449/2/4 1451/2/4
f 1451/2/4 1449/2/4 1452/2/4
f 1452/2/4 1449/2/4 1453/2/4
f 1453/2/4 1454/2/4 1455/2/4
f 1455/2/4 1454/2/4 1456/2/4
f 1457/2/4 1458/2/4 1459/2/4
f 1459/2/4 1458/2/4 1460/2/4
f 1461/2/4 1462/2/4 1463/2/4
f 1463/2/4 1462/2/4 1464/2/4
f 1465/2/4 1466/2/4 1467/2/4
f 1465/2/4 1467/2/4 1469/2/4
f 1467/2/4 1468/2/4 1469/2/4
f 1469/2/4 1468/2/4 1470/2/4
f 1470/2/4 1468/2/4 1472/2/4
f 1472/2/4 1468/2/4 1473/2/4
f 1471/2/4 1472/2/4 1473/2/4
f 1473/2/4 1468/2/4 1474/2/4
f 1471/2/4 1473/2/4 1475/2/4
f 1475/2/4 1476/2/4 1477/2/4
f 1471/2/4 1475/2/4 1478/2/4
f 1475/2/4 1477/2/4 1478/2/4
f 1478/2/4 1477/2/4 1479/2/4
f 1479/2/4 1477/2/4 1480/2/4
f 1479/2/4 1480/2/4 1482/2/4
f 1480/2/4 1481/2/4 1482/2/4
f 1482/2/4 1481/2/4 1483/2/4
f 1479/2/4 1482/2/4 1484/2/4
f 1484/2/4 1482/2/4 1485/2/4
f 1486/2/4 1487/2/4 1489/2/4
f 1489/2/4 1487/2/4 1490/2/4
f 1488/2/4 1489/2/4 1491/2/4
f 1491/2/4 1489/2/4 1492/2/4
f 1493/2/4 1494/2/4 1495/2/4
f 1495/2/4 1494/2/4 1496/2/4
f 1497/2/4 1498/2/4 1499/2/4
f 1499/2/4 1498/2/4 1500/2/4
f 1501/2/4 1502/2/4 1503/2/4
f 1501/2/4 1503/2/4 1505/2/4
f 1503/2/4 1504/2/4 1505/2/4
f 1505/2/4 1504/2/4 1506/2/4
f 1506/2/4 1504/2/4 1507/2/4
f 1508/2/4 1509/2/4 1510/2/4
f 1510/2/4 1509/2/4 1511/2/4
f 1512/2/4 1513/2/4 1514/2/4
f 1514/2/4 1513/2/4 1515/2/4
f 1516/2/4 1517/2/4 1518/2/4
f 1518/2/4 1517/2/4 1519/2/4
f 1520/2/4 1521/2/4 1522/2/4
f 1522/2/4 1521/2/4 1523/2/4
f 1524/2/4 1525/2/4 1527/2/4
f 1525/2/4 1526/2/4 1527/2/4
f 1527/2/4 1526/2/4 1528/2/4
f 1524/2/4 1527/2/4 1529/2/4
f 1524/2/4 1529/2/4 1531/2/4
f 1529/2/4 1530/2/4 1531/2/4
f 1531/2/4 1530/2/4 1532/2/4
f 1532/2/4 1530/2/4 1533/2/4
f 1533/2/4 1530/2/4 1534/2/4
f 1532/2/4 1533/2/4 1535/2/4
f 1535/2/4 1533/2/4 1536/2/4
f 1537/2/4 1538/2/4 1540/2/4
f 1540/2/4 1538/2/4 1541/2/4
f 1539/2/4 1540/2/4 1542/2/4
f 1542/2/4 1540/2/4 1543/2/4
f 1544/2/4 1545/2/4 1546/2/4
f 1546/2/4 1545/2/4 1547/2/4
f 1548/2/4 1549/2/4 1550/2/4
f 1550/2/4 1549/2/4 1551/2/4
f 1552/2/4 1553/2/4 1554/2/4
f 1552/2/4 1554/2/4 1556/2/4
f 1554/2/4 1555/2/4 1556/2/4
f 1556/2/4 1555/2/4 1557/2/4
f 1557/2/4 1555/2/4 1558/2/4
f 1559/2/4 1560/2/4 1561/2/4
f 1559/2/4 1561/2/4 1562/2/4
f 1559/2/4 1562/2/4 1564/2/4
f 1562/2/4 1563/2/4 1564/2/4
f 1564/2/4 1563/2/4 1565/2/4
f 1565/2/4 1563/2/4 1566/2/4
f 1566/2/4 1563/2/4 1567/2/4
f 1568/2/4 1569/2/4 1570/2/4
f 1570/2/4 1569/2/4 1571/2/4
f 1572/2/4 1573/2/4 1574/2/4
f 1574/2/4 1573/2/4 1575/2/4
f 1576/2/4 1577/2/4 1578/2/4
f 1576/2/4 1578/2/4 1580/2/4
f 1578/2/4 1579/2/4 1580/2/4
f 1580/2/4 1579/2/4 1581/2/4
f 1581/2/4 1579/2/4 1583/2/4
f 1583/2/4 1579/2/4 1584/2/4
f 1582/2/4 1583/2/4 1585/2/4
f 1585/2/4 1583/2/4 1586/2/4
f 1586/2/4 1587/2/4 1589/2/4
f 1589/2/4 1587/2/4 1590/2/4
f 1588/2/4 1589/2/4 1591/2/4
f 1591/2/4 1589/2/4 1592/2/4
f 1593/2/4 1594/2/4 1595/2/4
f 1595/2/4 1594/2/4 1596/2/4
f 1597/2/4 1598/2/4 1599/2/4
f 1599/2/4 1598/2/4 1600/2/4
f 1601/2/4 1602/2/4 1604/2/4
f 1602/2/4 1603/2/4 1604/2/4
f 1604/2/4 1603/2/4 1605/2/4
f 1601/2/4 1604/2/4 1606/2/4
f 1606/2/4 1604/2/4 1607/2/4
f 1608/2/4 1609/2/4 1610/2/4
f 1610/2/4 1609/2/4 1611/2/4
f 1612/2/4 1613/2/4 1614/2/4
f 1614/2/4 1615/2/4 1616/2/4
f 1616/2/4 1615/2/4 1617/2/4
f 1614/2/4 1616/2/4 1618/2/4
f 1614/2/4 1618/2/4 1620/2/4
f 1618/2/4 1619/2/4 1620/2/4
f 1620/2/4 1619/2/4 1621/2/4
f 1612/2/4 1614/2/4 1622/2/4
f 1614/2/4 1620/2/4 1622/2/4
f 1622/2/4 1620/2/4 1623/2/4
f 1612/2/4 1622/2/4 1624/2/4
f 1624/2/4 1622/2/4 1625/2/4
f 1626/2/4 1627/2/4 1628/2/4
f 1628/2/4 1627/2/4 1629/2/4
f 1630/2/4 1631/2/4 1632/2/4
f 1632/2/4 1631/2/4 1633/2/4
f 1634/2/4 1635/2/4 1636/2/4
f 1636/2/4 1635/2/4 1637/2/4
f 1638/2/4 1639/2/4 1640/2/4
f 1638/2/4 1640/2/4 1641/2/4
f 1641/2/4 1640/2/4 1642/2/4
f 1643/1/4 1644/1/4 1647/1/4
f 1647/1/4 1644/1/4 1648/1/4
f 1645/1/4 1646/1/4 1649/1/4
f 1649/1/4 1646/1/4 1650/1/4
f 1651/2/4 1652/2/4 1653/2/4
f 1653/2/4 1652/2/4 1654/2/4
f 1655/2/4 1656/2/4 1657/2/4
f 1658/1/4 1659/1/4 1660/1/4
f 1660/1/4 1659/1/4 1661/1/4
f 1655/2/4 1657/2/4 1662/2/4
f 1655/2/4 1662/2/4 1663/2/4
f 1663/2/4 1662/2/4 1664/2/4
f 1665/2/4 1666/2/4 1667/2/4
f 1667/2/4 1666/2/4 1668/2/4
f 1669/1/4 1670/1/4 1671/1/4
f 1671/1/4 1670/1/4 1672/1/4
f 1673/1/4 1674/1/4 1675/1/4
f 1675/1/4 1674/1/4 1676/1/4
f 1677/1/4 1678/1/4 1680/1/4
f 1680/1/4 1678/1/4 1681/1/4
f 1679/1/4 1680/1/4 1682/1/4
f 1682/1/4 1680/1/4 1683/1/4
f 1684/1/4 1685/1/4 1686/1/4
f 1686/1/4 1685/1/4 1687/1/4
f 1688/1/4 1689/1/4 1690/1/4
f 1690/1/4 1689/1/4 1691/1/4
f 1692/1/4 1693/1/4 1694/1/4
f 1694/1/4 1693/1/4 1695/1/4
f 1696/1/4 1697/1/4 1698/1/4
f 1698/1/4 1697/1/4 1699/1/4
f 1702/1/4 1703/1/4 1704/1/4
f 1704/1/4 1703/1/4 1705/1/4
f 1700/1/4 1701/1/4 1706/1/4
f 1706/1/4 1701/1/4 1707/1/4
f 1708/1/4 1709/1/4 1710/1/4
f 1710/1/4 1709/1/4 1711/1/4
f 1712/1/4 1713/1/4 1714/1/4
f 1714/1/4 1713/1/4 1715/1/4
f 1716/1/4 1717/1/4 1718/1/4
f 1718/1/4 1717/1/4 1719/1/4
f 1716/1/4 1718/1/4 1720/1/4
f 1720/1/4 1718/1/4 1721/1/4
f 1722/1/4 1723/1/4 1724/1/4
f 1724/1/4 1723/1/4 1725/1/4
f 1726/1/4 1727/1/4 1728/1/4
f 1726/1/4 1728/1/4 1730/1/4
f 1728/1/4 1729/1/4 1730/1/4
f 1730/1/4 1729/1/4 1731/1/4
f 1734/1/4 1735/1/4 1737/1/4
f 1737/1/4 1735/1/4 1738/1/4
f 1736/1/4 1737/1/4 1739/1/4
f 1739/1/4 1737/1/4 1740/1/4
f 1740/1/4 1741/1/4 1742/1/4
f 1742/1/4 1741/1/4 1743/1/4
f 1732/2/4 1733/2/4 1744/2/4
f 1744/2/4 1733/2/4 1745/2/4
f 1746/1/4 1747/1/4 1748/1/4
f 1748/1/4 1747/1/4 1749/1/4
f 1750/1/4 1751/1/4 1752/1/4
f 1752/1/4 1751/1/4 1753/1/4
f 1754/2/4 1755/2/4 1756/2/4
f 1756/2/4 1755/2/4 1757/2/4
f 1758/1/4 1759/1/4 1760/1/4
f 1760/1/4 1759/1/4 1761/1/4
f 1762/2/4 1763/2/4 1764/2/4
f 1764/2/4 1763/2/4 1765/2/4
f 1766/1/4 1767/1/4 1768/1/4
f 1768/1/4 1767/1/4 1769/1/4
f 1770/1/4 1771/1/4 1772/1/4
f 1772/1/4 1771/1/4 1773/1/4
f 1773/1/4 1771/1/4 1774/1/4
f 1775/1/4 1776/1/4 1778/1/4
f 1776/1/4 1777/1/4 1778/1/4
f 1778/1/4 1777/1/4 1779/1/4
f 1780/1/4 1781/1/4 1782/1/4
f 1782/1/4 1781/1/4 1783/1/4
f 1784/2/4 1785/2/4 1786/2/4
f 1784/2/4 1786/2/4 1787/2/4
f 1787/2/4 1786/2/4 1788/2/4
f 1789/2/4 1790/2/4 1791/2/4
f 1789/2/4 1791/2/4 1792/2/4
f 1792/2/4 1791/2/4 1793/2/4
f 1794/1/4 1795/1/4 1796/1/4
f 1796/1/4 1795/1/4 1797/1/4
f 1798/1/4 1799/1/4 1800/1/4
f 1800/1/4 1799/1/4 1801/1/4
f 1802/2/4 1803/2/4 1804/2/4
f 1802/2/4 1804/2/4 1805/2/4
f 1805/2/4 1804/2/4 1806/2/4
f 1807/2/4 1808/2/4 1809/2/4
f 1807/2/4 1809/2/4 1810/2/4
f 1810/2/4 1809/2/4 1811/2/4
f 1812/2/4 1813/2/4 1816/2/4
f 1816/2/4 1813/2/4 1817/2/4
f 1817/2/4 1813/2/4 1818/2/4
f 1818/2/4 1813/2/4 1819/2/4
f 1812/2/4 1816/2/4 1820/2/4
f 1817/2/4 1818/2/4 1821/2/4
f 1821/2/4 1818/2/4 1822/2/4
f 1814/2/4 1815/2/4 1824/2/4
f 1822/2/4 1823/2/4 1826/2/4
f 1821/2/4 1822/2/4 1826/2/4
f 1820/2/4 1821/2/4 1826/2/4
f 1826/2/4 1823/2/4 1827/2/4
f 1820/2/4 1826/2/4 1828/2/4
f 1828/2/4 1826/2/4 1829/2/4
f 1820/2/4 1828/2/4 1830/2/4
f 1830/2/4 1828/2/4 1831/2/4
f 1820/2/4 1830/2/4 1832/2/4
f 1832/2/4 1830/2/4 1833/2/4
f 1820/2/4 1832/2/4 1834/2/4
f 1834/2/4 1832/2/4 1835/2/4
f 1820/2/4 1834/2/4 1836/2/4
f 1820/2/4 1836/2/4 1838/2/4
f 1836/2/4 1837/2/4 1838/2/4
f 1838/2/4 1837/2/4 1839/2/4
f 1839/2/4 1837/2/4 1840/2/4
f 1840/2/4 1837/2/4 1841/2/4
f 1812/2/4 1820/2/4 1842/2/4
f 1820/2/4 1838/2/4 1842/2/4
f 1842/2/4 1838/2/4 1843/2/4
f 1843/2/4 1838/2/4 1844/2/4
f 1844/2/4 1838/2/4 1845/2/4
f 1843/2/4 1844/2/4 1846/2/4
f 1846/2/4 1844/2/4 1847/2/4
f 1812/2/4 1842/2/4 1848/2/4
f 1848/2/4 1842/2/4 1849/2/4
f 1824/1/4 1825/1/4 1850/1/4
f 1814/2/4 1824/2/4 1850/2/4
f 1850/1/4 1825/1/4 1851/1/4
f 1852/2/4 1853/2/4 1855/2/4
f 1854/2/4 1855/2/4 1857/2/4
f 1856/2/4 1857/2/4 1858/2/4
f 1855/2/4 1853/2/4 1859/2/4
f 1858/2/4 1857/2/4 1859/2/4
f 1857/2/4 1855/2/4 1859/2/4
f 1814/2/4 1850/2/4 1860/2/4
f 1860/2/4 1850/2/4 1861/2/4
f 1864/2/5 1863/2/5 1862/2/5
f 1865/2/5 1863/2/5 1864/2/5
f 1868/2/5 1867/2/5 1866/2/5
f 1869/2/5 1867/2/5 1868/2/5
f 1872/2/5 1871/2/5 1870/2/5
f 1873/2/5 1871/2/5 1872/2/5
f 1876/2/5 1875/2/5 1874/2/5
f 1877/2/5 1875/2/5 1876/2/5
f 1880/2/5 1879/2/5 1878/2/5
f 1881/2/5 1879/2/5 1880/2/5
f 1886/2/5 1883/2/5 1882/2/5
f 1887/2/5 1883/2/5 1886/2/5
f 1888/2/5 1885/2/5 1884/2/5
f 1889/2/5 1885/2/5 1888/2/5
f 1892/2/5 1891/2/5 1890/2/5
f 1893/2/5 1891/2/5 1892/2/5
f 1896/2/5 1895/2/5 1894/2/5
f 1897/2/5 1895/2/5 1896/2/5
f 1900/2/5 1899/2/5 1898/2/5
f 1901/2/5 1899/2/5 1900/2/5
f 1904/2/5 1903/2/5 1902/2/5
f 1905/2/5 1903/2/5 1904/2/5
f 1908/2/5 1907/2/5 1906/2/5
f 1909/2/5 1907/2/5 1908/2/5
f 1912/2/5 1911/2/5 1910/2/5
f 1913/2/5 1911/2/5 1912/2/5
f 1916/2/5 1915/2/5 1914/2/5
f 1917/2/5 1915/2/5 1916/2/5
f 1920/2/5 1919/2/5 1918/2/5
f 1921/2/5 1919/2/5 1920/2/5
f 1924/2/5 1923/2/5 1922/2/5
f 1925/2/5 1923/2/5 1924/2/5
f 1928/2/5 1927/2/5 1926/2/5
f 1929/2/5 1927/2/5 1928/2/5
f 1932/2/5 1931/2/5 1930/2/5
f 1933/2/5 1931/2/5 1932/2/5
f 1936/2/5 1935/2/5 1934/2/5
f 1937/2/5 1935/2/5 1936/2/5
f 1940/2/5 1939/2/5 1938/2/5
f 1941/2/5 1939/2/5 1940/2/5
f 1944/2/5 1943/2/5 1942/2/5
f 1945/2/5 1943/2/5 1944/2/5
f 1948/2/5 1947/2/5 1946/2/5
f 1949/2/5 1947/2/5 1948/2/5
f 1952/2/5 1951/2/5 1950/2/5
f 1953/2/5 1951/2/5 1952/2/5
f 1956/2/5 1955/2/5 1954/2/5
f 1957/2/5 1955/2/5 1956/2/5
f 1961/1/5 1959/1/5 1958/1/5
f 1962/1/5 1959/1/5 1961/1/5
f 1965/1/5 1961/1/5 1960/1/5
f 1965/1/5 1963/1/5 1962/1/5
f 1965/1/5 1962/1/5 1961/1/5
f 1966/1/5 1963/1/5 1965/1/5
f 1968/1/5 1965/1/5 1964/1/5
f 1968/1/5 1967/1/5 1966/1/5
f 1968/1/5 1966/1/5 1965/1/5
f 1970/1/5 1968/1/5 1964/1/5
f 1970/1/5 1969/1/5 1968/1/5
f 1971/1/5 1969/1/5 1970/1/5
f 1972/1/5 1970/1/5 1964/1/5
f 1973/1/5 1969/1/5 1971/1/5
f 1974/1/5 1972/1/5 1964/1/5
f 1974/1/5 1973/1/5 1972/1/5
f 1975/1/5 1973/1/5 1974/1/5
f 1976/1/5 1969/1/5 1973/1/5
f 1976/1/5 1973/1/5 1975/1/5
f 1977/1/5 1969/1/5 1976/1/5
f 1978/1/5 1976/1/5 1975/1/5
f 1979/1/5 1976/1/5 1978/1/5
f 1980/1/5 1976/1/5 1979/1/5
f 1981/1/5 1976/1/5 1980/1/5
f 1982/1/5 1980/1/5 1979/1/5
f 1983/1/5 1980/1/5 1982/1/5
f 1984/1/5 1980/1/5 1983/1/5
f 1985/1/5 1980/1/5 1984/1/5
f 1986/1/5 1984/1/5 1983/1/5
f 1987/1/5 1984/1/5 1986/1/5
f 1991/1/5 1989/1/5 1988/1/5
f 1992/1/5 1989/1/5 1991/1/5
f 1993/1/5 1989/1/5 1992/1/5
f 1996/1/5 1991/1/5 1990/1/5
f 1997/1/5 1991/1/5 1996/1/5
f 1998/1/5 1993/1/5 1992/1/5
f 1998/1/5 1994/1/5 1993/1/5
f 1999/1/5 1994/1/5 1998/1/5
f 2000/1/5 1994/1/5 1999/1/5
f 2003/1/5 1996/1/5 1995/1/5
f 2004/1/5 1996/1/5 2003/1/5
f 2005/1/5 2001/1/5 2000/1/5
f 2005/1/5 2000/1/5 1999/1/5
f 2006/1/5 2001/1/5 2005/1/5
f 2007/1/5 2001/1/5 2006/1/5
f 2009/1/5 2008/1/5 2007/1/5
f 2009/1/5 2007/1/5 2006/1/5
f 2010/1/5 2008/1/5 2009/1/5
f 2011/1/5 2003/1/5 2002/1/5
f 2014/1/5 2008/1/5 2010/1/5
f 2015/1/5 2012/1/5 2011/1/5
f 2015/1/5 2011/1/5 2002/1/5
f 2016/1/5 2012/1/5 2015/1/5
f 2017/1/5 2012/1/5 2016/1/5
f 2020/1/5 2014/1/5 2013/1/5
f 2021/1/5 2008/1/5 2014/1/5
f 2021/1/5 2014/1/5 2020/1/5
f 2022/1/5 2008/1/5 2021/1/5
f 2023/1/5 2018/1/5 2017/1/5
f 2023/1/5 2017/1/5 2016/1/5
f 2026/1/5 2020/1/5 2019/1/5
f 2026/1/5 2021/1/5 2020/1/5
f 2027/1/5 2024/1/5 2023/1/5
f 2027/1/5 2023/1/5 2016/1/5
f 2028/1/5 2024/1/5 2027/1/5
f 2029/1/5 2024/1/5 2028/1/5
f 2030/1/5 2026/1/5 2025/1/5
f 2031/1/5 2021/1/5 2026/1/5
f 2031/1/5 2026/1/5 2030/1/5
f 2032/1/5 2021/1/5 2031/1/5
f 2033/1/5 2029/1/5 2028/1/5
f 2033/1/5 2030/1/5 2029/1/5
f 2033/1/5 2031/1/5 2030/1/5
f 2034/1/5 2031/1/5 2033/1/5
f 2038/1/5 2036/1/5 2035/1/5
f 2039/1/5 2036/1/5 2038/1/5
f 2042/1/5 2038/1/5 2037/1/5
f 2043/1/5 2038/1/5 2042/1/5
f 2044/1/5 2040/1/5 2039/1/5
f 2045/1/5 2040/1/5 2044/1/5
f 2048/1/5 2042/1/5 2041/1/5
f 2049/1/5 2042/1/5 2048/1/5
f 2050/1/5 2046/1/5 2045/1/5
f 2051/1/5 2046/1/5 2050/1/5
f 2054/1/5 2048/1/5 2047/1/5
f 2055/1/5 2048/1/5 2054/1/5
f 2056/1/5 2052/1/5 2051/1/5
f 2057/1/5 2052/1/5 2056/1/5
f 2058/1/5 2054/1/5 2053/1/5
f 2059/1/5 2054/1/5 2058/1/5
f 2063/1/5 2060/1/5 2059/1/5
f 2064/1/5 2060/1/5 2063/1/5
f 2065/1/5 2062/1/5 2061/1/5
f 2066/1/5 2062/1/5 2065/1/5
f 2071/1/5 2068/1/5 2067/1/5
f 2072/1/5 2068/1/5 2071/1/5
f 2073/1/5 2070/1/5 2069/1/5
f 2074/1/5 2070/1/5 2073/1/5
f 2075/1/5 2073/1/5 2072/1/5
f 2076/1/5 2073/1/5 2075/1/5
f 2079/1/5 2078/1/5 2077/1/5
f 2080/1/5 2078/1/5 2079/1/5
f 2081/1/5 2079/1/5 2077/1/5
f 2082/1/5 2078/1/5 2080/1/5
f 2083/1/5 2081/1/5 2077/1/5
f 2083/1/5 2082/1/5 2081/1/5
f 2084/1/5 2078/1/5 2082/1/5
f 2084/1/5 2082/1/5 2083/1/5
f 2085/2/6 2086/2/6 2087/2/6
f 2087/2/6 2086/2/6 2088/2/6
f 2089/2/6 2090/2/6 2091/2/6
f 2091/2/6 2090/2/6 2092/2/6
f 2093/2/6 2094/2/6 2095/2/6
f 2095/2/6 2094/2/6 2096/2/6
f 2097/2/6 2098/2/6 2099/2/6
f 2099/2/6 2098/2/6 2100/2/6
f 2097/2/6 2099/2/6 2101/2/6
f 2097/2/6 2101/2/6 2103/2/6
f 2101/2/6 2102/2/6 2103/2/6
f 2103/2/6 2102/2/6 2104/2/6
f 2097/2/6 2103/2/6 2105/2/6
f 2097/2/6 2105/2/6 2107/2/6
f 2105/2/6 2106/2/6 2107/2/6
f 2107/2/6 2106/2/6 2108/2/6
f 2097/2/6 2107/2/6 2109/2/6
f 2109/2/6 2107/2/6 2110/2/6
f 2111/2/6 2112/2/6 2113/2/6
f 2113/2/6 2112/2/6 2114/2/6
f 2115/2/6 2116/2/6 2117/2/6
f 2117/2/6 2116/2/6 2118/2/6
f 2121/2/6 2122/2/6 2123/2/6
f 2123/2/6 2122/2/6 2124/2/6
f 2119/2/6 2120/2/6 2125/2/6
f 2125/2/6 2120/2/6 2126/2/6
f 2127/2/6 2128/2/6 2131/2/6
f 2131/2/6 2128/2/6 2132/2/6
f 2129/2/6 2130/2/6 2133/2/6
f 2133/2/6 2130/2/6 2134/2/6
f 2135/2/6 2136/2/6 2139/2/6
f 2139/2/6 2136/2/6 2140/2/6
f 2137/2/6 2138/2/6 2141/2/6
f 2141/2/6 2138/2/6 2142/2/6
f 2143/2/6 2144/2/6 2147/2/6
f 2147/2/6 2144/2/6 2148/2/6
f 2145/2/6 2146/2/6 2149/2/6
f 2149/2/6 2146/2/6 2150/2/6
f 2145/2/6 2149/2/6 2151/2/6
f 2151/2/6 2149/2/6 2152/2/6
f 2153/2/6 2154/2/6 2159/2/6
f 2155/2/6 2156/2/6 2161/2/6
f 2161/2/6 2156/2/6 2162/2/6
f 2159/2/6 2160/2/6 2163/2/6
f 2153/2/6 2159/2/6 2163/2/6
f 2163/2/6 2160/2/6 2164/2/6
f 2157/2/6 2158/2/6 2165/2/6
f 2153/2/6 2163/2/6 2166/2/6
f 2166/2/6 2163/2/6 2167/2/6
f 2164/2/6 2165/2/6 2168/2/6
f 2165/2/6 2158/2/6 2169/2/6
f 2168/2/6 2165/2/6 2169/2/6
f 2170/2/6 2171/2/6 2172/2/6
f 2172/2/6 2171/2/6 2173/2/6
f 2174/2/6 2175/2/6 2178/2/6
f 2178/2/6 2175/2/6 2179/2/6
f 2174/2/6 2178/2/6 2180/2/6
f 2180/2/6 2178/2/6 2181/2/6
f 2176/2/6 2177/2/6 2185/2/6
f 2185/2/6 2177/2/6 2186/2/6
f 2182/2/6 2183/2/6 2187/2/6
f 2187/2/6 2183/2/6 2188/2/6
f 2188/2/6 2183/2/6 2189/2/6
f 2189/2/6 2183/2/6 2190/2/6
f 2184/2/6 2185/2/6 2191/2/6
f 2189/2/6 2190/2/6 2196/2/6
f 2190/2/6 2191/2/6 2196/2/6
f 2191/2/6 2185/2/6 2197/2/6
f 2196/2/6 2191/2/6 2197/2/6
f 2192/2/6 2193/2/6 2198/2/6
f 2198/2/6 2193/2/6 2199/2/6
f 2194/2/6 2195/2/6 2200/2/6
f 2200/2/6 2195/2/6 2201/2/6
f 2174/2/6 2180/2/6 2202/2/6
f 2202/2/6 2180/2/6 2203/2/6
f 2206/2/6 2207/2/6 2212/2/6
f 2212/2/6 2207/2/6 2213/2/6
f 2210/2/6 2211/2/6 2215/2/6
f 2215/2/6 2211/2/6 2216/2/6
f 2208/2/6 2209/2/6 2217/2/6
f 2217/2/6 2209/2/6 2218/2/6
f 2214/2/6 2215/2/6 2220/2/6
f 2220/2/6 2215/2/6 2221/2/6
f 2219/2/6 2220/2/6 2223/2/6
f 2221/2/6 2222/2/6 2223/2/6
f 2220/2/6 2221/2/6 2223/2/6
f 2223/2/6 2222/2/6 2224/2/6
f 2224/2/6 2222/2/6 2225/2/6
f 2225/2/6 2222/2/6 2226/2/6
f 2224/2/6 2225/2/6 2229/2/6
f 2229/2/6 2225/2/6 2230/2/6
f 2227/2/6 2228/2/6 2235/2/6
f 2235/2/6 2228/2/6 2236/2/6
f 2231/2/6 2232/2/6 2237/2/6
f 2237/2/6 2232/2/6 2238/2/6
f 2233/2/6 2234/2/6 2239/2/6
f 2239/2/6 2234/2/6 2240/2/6
f 2204/2/6 2205/2/6 2241/2/6
f 2241/2/6 2205/2/6 2242/2/6
f 2245/2/6 2246/2/6 2250/2/6
f 2250/2/6 2246/2/6 2251/2/6
f 2251/2/6 2246/2/6 2252/2/6
f 2243/2/6 2244/2/6 2255/2/6
f 2255/2/6 2244/2/6 2256/2/6
f 2256/2/6 2244/2/6 2257/2/6
f 2257/2/6 2244/2/6 2258/2/6
f 2258/2/6 2244/2/6 2259/2/6
f 2249/2/6 2250/2/6 2262/2/6
f 2250/2/6 2251/2/6 2262/2/6
f 2262/2/6 2251/2/6 2263/2/6
f 2253/2/6 2254/2/6 2265/2/6
f 2265/2/6 2254/2/6 2266/2/6
f 2247/2/6 2248/2/6 2267/2/6
f 2267/2/6 2248/2/6 2268/2/6
f 2259/2/6 2260/2/6 2269/2/6
f 2258/2/6 2259/2/6 2269/2/6
f 2261/2/6 2262/2/6 2270/2/6
f 2270/2/6 2262/2/6 2271/2/6
f 2263/2/6 2264/2/6 2272/2/6
f 2272/2/6 2264/2/6 2273/2/6
f 2273/2/6 2264/2/6 2274/2/6
f 2266/2/6 2267/2/6 2275/2/6
f 2270/2/6 2271/2/6 2276/2/6
f 2258/2/6 2269/2/6 2276/2/6
f 2272/2/6 2273/2/6 2276/2/6
f 2271/2/6 2272/2/6 2276/2/6
f 2269/2/6 2270/2/6 2276/2/6
f 2276/2/6 2273/2/6 2277/2/6
f 2275/2/6 2267/2/6 2278/2/6
f 2277/2/6 2278/2/6 2279/2/6
f 2278/2/6 2267/2/6 2280/2/6
f 2279/2/6 2278/2/6 2280/2/6
f 2243/2/6 2255/2/6 2281/2/6
f 2281/2/6 2255/2/6 2282/2/6
f 2256/2/6 2257/2/6 2283/2/6
f 2283/2/6 2257/2/6 2284/2/6
f 2287/2/6 2288/2/6 2291/2/6
f 2291/2/6 2288/2/6 2292/2/6
f 2289/2/6 2290/2/6 2296/2/6
f 2296/2/6 2290/2/6 2297/2/6
f 2285/2/6 2286/2/6 2298/2/6
f 2298/2/6 2286/2/6 2299/2/6
f 2293/2/6 2294/2/6 2302/2/6
f 2302/2/6 2294/2/6 2303/2/6
f 2295/2/6 2296/2/6 2305/2/6
f 2305/2/6 2296/2/6 2306/2/6
f 2297/2/6 2290/2/6 2307/2/6
f 2307/2/6 2290/2/6 2308/2/6
f 2300/2/6 2301/2/6 2309/2/6
f 2309/2/6 2301/2/6 2310/2/6
f 2304/2/6 2305/2/6 2311/2/6
f 2311/2/6 2305/2/6 2312/2/6
f 2312/2/6 2305/2/6 2313/2/6
f 2306/2/6 2307/2/6 2314/2/6
f 2300/2/6 2309/2/6 2315/2/6
f 2315/2/6 2309/2/6 2316/2/6
f 2316/2/6 2309/2/6 2317/2/6
f 2317/2/6 2309/2/6 2318/2/6
f 2314/2/6 2307/2/6 2322/2/6
f 2322/2/6 2307/2/6 2323/2/6
f 2316/2/6 2317/2/6 2324/2/6
f 2324/2/6 2317/2/6 2325/2/6
f 2318/2/6 2319/2/6 2326/2/6
f 2326/2/6 2319/2/6 2327/2/6
f 2320/2/6 2321/2/6 2328/2/6
f 2321/2/6 2322/2/6 2328/2/6
f 2328/2/6 2322/2/6 2329/2/6
f 2285/2/6 2298/2/6 2330/2/6
f 2330/2/6 2298/2/6 2331/2/6
f 2332/2/6 2333/2/6 2342/2/6
f 2342/2/6 2333/2/6 2343/2/6
f 2334/2/6 2335/2/6 2344/2/6
f 2344/2/6 2335/2/6 2345/2/6
f 2336/2/6 2337/2/6 2347/2/6
f 2347/2/6 2337/2/6 2348/2/6
f 2338/2/6 2339/2/6 2350/2/6
f 2350/2/6 2339/2/6 2351/2/6
f 2332/2/6 2342/2/6 2352/2/6
f 2352/2/6 2342/2/6 2353/2/6
f 2348/2/6 2349/2/6 2358/2/6
f 2347/2/6 2348/2/6 2358/2/6
f 2346/2/6 2347/2/6 2358/2/6
f 2358/2/6 2349/2/6 2359/2/6
f 2340/2/6 2341/2/6 2361/2/6
f 2361/2/6 2341/2/6 2362/2/6
f 2353/2/6 2354/2/6 2363/2/6
f 2355/2/6 2356/2/6 2364/2/6
f 2364/2/6 2356/2/6 2365/2/6
f 2357/2/6 2358/2/6 2366/2/6
f 2366/2/6 2358/2/6 2367/2/6
f 2360/2/6 2361/2/6 2371/2/6
f 2371/2/6 2361/2/6 2372/2/6
f 2372/2/6 2361/2/6 2373/2/6
f 2364/2/6 2365/2/6 2375/2/6
f 2353/2/6 2363/2/6 2375/2/6
f 2363/2/6 2364/2/6 2375/2/6
f 2365/2/6 2366/2/6 2375/2/6
f 2366/2/6 2367/2/6 2375/2/6
f 2375/2/6 2367/2/6 2376/2/6
f 2368/2/6 2369/2/6 2377/2/6
f 2377/2/6 2369/2/6 2378/2/6
f 2371/2/6 2372/2/6 2379/2/6
f 2370/2/6 2371/2/6 2379/2/6
f 2379/2/6 2372/2/6 2380/2/6
f 2373/2/6 2374/2/6 2381/2/6
f 2381/2/6 2374/2/6 2382/2/6
f 2380/2/6 2381/2/6 2388/2/6
f 2388/2/6 2381/2/6 2389/2/6
f 2383/2/6 2384/2/6 2390/2/6
f 2384/2/6 2385/2/6 2390/2/6
f 2390/2/6 2385/2/6 2391/2/6
f 2386/2/6 2387/2/6 2392/2/6
f 2392/2/6 2387/2/6 2393/2/6
f 2332/2/6 2352/2/6 2394/2/6
f 2394/2/6 2352/2/6 2395/2/6
f 2398/2/6 2399/2/6 2402/2/6
f 2402/2/6 2399/2/6 2403/2/6
f 2400/2/6 2401/2/6 2412/2/6
f 2412/2/6 2401/2/6 2413/2/6
f 2404/2/6 2405/2/6 2416/2/6
f 2416/2/6 2405/2/6 2417/2/6
f 2406/2/6 2407/2/6 2418/2/6
f 2418/2/6 2407/2/6 2419/2/6
f 2419/2/6 2407/2/6 2420/2/6
f 2408/2/6 2409/2/6 2421/2/6
f 2421/2/6 2409/2/6 2422/2/6
f 2422/2/6 2409/2/6 2423/2/6
f 2410/2/6 2411/2/6 2424/2/6
f 2414/2/6 2415/2/6 2425/2/6
f 2425/2/6 2415/2/6 2426/2/6
f 2418/2/6 2419/2/6 2430/2/6
f 2430/2/6 2419/2/6 2431/2/6
f 2431/2/6 2419/2/6 2432/2/6
f 2432/2/6 2419/2/6 2433/2/6
f 2433/2/6 2419/2/6 2434/2/6
f 2422/2/6 2423/2/6 2437/2/6
f 2423/2/6 2424/2/6 2437/2/6
f 2437/2/6 2424/2/6 2438/2/6
f 2424/2/6 2411/2/6 2439/2/6
f 2438/2/6 2424/2/6 2439/2/6
f 2427/2/6 2428/2/6 2440/2/6
f 2440/2/6 2428/2/6 2441/2/6
f 2429/2/6 2430/2/6 2442/2/6
f 2430/2/6 2431/2/6 2442/2/6
f 2442/2/6 2431/2/6 2443/2/6
f 2432/2/6 2433/2/6 2444/2/6
f 2444/2/6 2433/2/6 2445/2/6
f 2434/2/6 2435/2/6 2446/2/6
f 2446/2/6 2435/2/6 2447/2/6
f 2437/2/6 2438/2/6 2448/2/6
f 2436/2/6 2437/2/6 2448/2/6
f 2448/2/6 2438/2/6 2449/2/6
f 2449/2/6 2438/2/6 2450/2/6
f 2448/2/6 2449/2/6 2451/2/6
f 2447/2/6 2448/2/6 2451/2/6
f 2451/2/6 2449/2/6 2452/2/6
f 2447/2/6 2451/2/6 2455/2/6
f 2455/2/6 2451/2/6 2456/2/6
f 2456/2/6 2451/2/6 2457/2/6
f 2453/2/6 2454/2/6 2459/2/6
f 2459/2/6 2454/2/6 2460/2/6
f 2457/2/6 2458/2/6 2461/2/6
f 2456/2/6 2457/2/6 2461/2/6
f 2461/2/6 2458/2/6 2462/2/6
f 2396/2/6 2397/2/6 2463/2/6
f 2463/2/6 2397/2/6 2464/2/6
f 2398/2/6 2402/2/6 2465/2/6
f 2465/2/6 2402/2/6 2466/2/6
f 2467/2/6 2468/2/6 2469/2/6
f 2469/2/6 2468/2/6 2470/2/6
f 2473/2/6 2474/2/6 2477/2/6
f 2477/2/6 2474/2/6 2478/2/6
f 2471/2/6 2472/2/6 2479/2/6
f 2479/2/6 2472/2/6 2480/2/6
f 2480/2/6 2472/2/6 2481/2/6
f 2481/2/6 2472/2/6 2482/2/6
f 2475/2/6 2476/2/6 2483/2/6
f 2483/2/6 2476/2/6 2484/2/6
f 2478/2/6 2474/2/6 2485/2/6
f 2485/2/6 2474/2/6 2486/2/6
f 2482/2/6 2483/2/6 2487/2/6
f 2487/2/6 2483/2/6 2488/2/6
f 2484/2/6 2485/2/6 2489/2/6
f 2489/2/6 2485/2/6 2490/2/6
f 2491/2/6 2492/2/6 2493/2/6
f 2493/2/6 2492/2/6 2494/2/6
f 2494/2/6 2492/2/6 2495/2/6
f 2495/2/6 2492/2/6 2496/2/6
f 2494/2/6 2495/2/6 2499/2/6
f 2499/2/6 2495/2/6 2500/2/6
f 2497/2/6 2498/2/6 2501/2/6
f 2501/2/6 2498/2/6 2502/2/6
f 2471/2/6 2479/2/6 2503/2/6
f 2503/2/6 2479/2/6 2504/2/6
f 2480/2/6 2481/2/6 2505/2/6
f 2505/2/6 2481/2/6 2506/2/6
f 2486/2/6 2474/2/6 2507/2/6
f 2507/2/6 2474/2/6 2508/2/6
f 2509/2/6 2510/2/6 2511/2/6
f 2511/2/6 2510/2/6 2512/2/6
f 2512/2/6 2510/2/6 2513/2/6
f 2513/2/6 2510/2/6 2514/2/6
f 2512/2/6 2513/2/6 2515/2/6
f 2515/2/6 2513/2/6 2516/2/6
f 2516/2/6 2513/2/6 2517/2/6
f 2512/2/6 2515/2/6 2519/2/6
f 2519/2/6 2515/2/6 2520/2/6
f 2517/2/6 2518/2/6 2521/2/6
f 2516/2/6 2517/2/6 2521/2/6
f 2521/2/6 2518/2/6 2522/2/6
f 2520/2/6 2521/2/6 2523/2/6
f 2523/2/6 2521/2/6 2524/2/6
f 2525/2/6 2526/2/6 2527/2/6
f 2527/2/6 2526/2/6 2528/2/6
f 2529/2/6 2530/2/6 2531/2/6
f 2531/2/6 2530/2/6 2532/2/6
f 2533/2/6 2534/2/6 2535/2/6
f 2535/2/6 2534/2/6 2536/2/6
f 2537/2/6 2538/2/6 2539/2/6
f 2539/2/6 2538/2/6 2540/2/6
f 2541/2/6 2542/2/6 2543/2/6
f 2543/2/6 2542/2/6 2544/2/6
f 2545/2/6 2546/2/6 2547/2/6
f 2547/2/6 2546/2/6 2548/2/6
f 2549/2/6 2550/2/6 2551/2/6
f 2551/2/6 2550/2/6 2552/2/6
f 2553/2/6 2554/2/6 2555/2/6
f 2555/2/6 2554/2/6 2556/2/6
f 2557/2/6 2558/2/6 2559/2/6
f 2559/2/6 2558/2/6 2560/2/6
f 2561/2/6 2562/2/6 2563/2/6
f 2563/2/6 2562/2/6 2564/2/6
f 2565/2/6 2566/2/6 2567/2/6
f 2567/2/6 2566/2/6 2568/2/6
f 2569/2/6 2570/2/6 2571/2/6
f 2571/2/6 2570/2/6 2572/2/6
f 2573/2/6 2574/2/6 2575/2/6
f 2575/2/6 2574/2/6 2576/2/6
f 2577/2/6 2578/2/6 2579/2/6
f 2579/2/6 2578/2/6 2580/2/6
f 2581/2/6 2582/2/6 2583/2/6
f 2583/2/6 2582/2/6 2584/2/6
f 2581/2/6 2583/2/6 2585/2/6
f 2585/2/6 2583/2/6 2586/2/6
f 2584/2/6 2582/2/6 2587/2/6
f 2587/2/6 2582/2/6 2588/2/6
f 2586/2/6 2583/2/6 2589/2/6
f 2584/2/6 2587/2/6 2590/2/6
f 2586/2/6 2589/2/6 2591/2/6
f 2589/2/6 2590/2/6 2591/2/6
f 2590/2/6 2587/2/6 2592/2/6
f 2591/2/6 2590/2/6 2592/2/6
f 2592/2/6 2587/2/6 2593/2/6
f 2586/2/6 2591/2/6 2595/2/6
f 2593/2/6 2594/2/6 2598/2/6
f 2592/2/6 2593/2/6 2598/2/6
f 2595/2/6 2596/2/6 2599/2/6
f 2597/2/6 2598/2/6 2600/2/6
f 2598/2/6 2594/2/6 2601/2/6
f 2599/2/6 2600/2/6 2601/2/6
f 2600/2/6 2598/2/6 2601/2/6
f 2588/2/6 2582/2/6 2602/2/6
f 2599/2/6 2601/2/6 2603/2/6
f 2601/2/6 2602/2/6 2603/2/6
f 2603/2/6 2602/2/6 2604/2/6
f 2604/2/6 2602/2/6 2605/2/6
f 2602/2/6 2582/2/6 2606/2/6
f 2605/2/6 2602/2/6 2606/2/6
f 2599/2/6 2603/2/6 2607/2/6
f 2604/2/6 2605/2/6 2608/2/6
f 2599/2/6 2607/2/6 2609/2/6
f 2607/2/6 2608/2/6 2609/2/6
f 2609/2/6 2608/2/6 2610/2/6
f 2581/2/6 2585/2/6 2611/2/6
f 2595/2/6 2599/2/6 2612/2/6
f 2586/2/6 2595/2/6 2612/2/6
f 2599/2/6 2609/2/6 2612/2/6
f 2608/2/6 2605/2/6 2613/2/6
f 2610/2/6 2608/2/6 2613/2/6
f 2606/2/6 2582/2/6 2616/2/6
f 2611/2/6 2612/2/6 2617/2/6
f 2612/2/6 2609/2/6 2617/2/6
f 2613/2/6 2614/2/6 2618/2/6
f 2610/2/6 2613/2/6 2618/2/6
f 2618/2/6 2614/2/6 2619/2/6
f 2617/2/6 2618/2/6 2619/2/6
f 2619/2/6 2614/2/6 2620/2/6
f 2611/2/6 2617/2/6 2621/2/6
f 2617/2/6 2619/2/6 2621/2/6
f 2621/2/6 2619/2/6 2622/2/6
f 2620/2/6 2614/2/6 2623/2/6
f 2615/2/6 2616/2/6 2624/2/6
f 2622/2/6 2619/2/6 2625/2/6
f 2620/2/6 2623/2/6 2626/2/6
f 2623/2/6 2624/2/6 2626/2/6
f 2581/2/6 2611/2/6 2627/2/6
f 2611/2/6 2621/2/6 2627/2/6
f 2627/2/6 2621/2/6 2628/2/6
f 2622/2/6 2625/2/6 2629/2/6
f 2625/2/6 2626/2/6 2629/2/6
f 2616/2/6 2582/2/6 2630/2/6
f 2629/2/6 2626/2/6 2630/2/6
f 2624/2/6 2616/2/6 2630/2/6
f 2626/2/6 2624/2/6 2630/2/6
f 2631/1/6 2632/1/6 2633/1/6
f 2633/1/6 2632/1/6 2634/1/6
f 2631/1/6 2633/1/6 2635/1/6
f 2634/1/6 2632/1/6 2636/1/6
f 2631/1/6 2635/1/6 2637/1/6
f 2635/1/6 2636/1/6 2637/1/6
f 2636/1/6 2632/1/6 2638/1/6
f 2637/1/6 2636/1/6 2638/1/6
f 2639/1/6 2640/1/6 2641/1/6
f 2641/1/6 2640/1/6 2642/1/6
f 2639/1/6 2641/1/6 2643/1/6
f 2643/1/6 2641/1/6 2644/1/6
f 2639/1/6 2643/1/6 2645/1/6
f 2639/1/6 2645/1/6 2647/1/6
f 2645/1/6 2646/1/6 2647/1/6
f 2647/1/6 2646/1/6 2648/1/6
f 2649/1/6 2650/1/6 2651/1/6
f 2651/1/6 2650/1/6 2652/1/6
f 2653/1/6 2654/1/6 2655/1/6
f 2655/1/6 2654/1/6 2656/1/6
f 2656/1/6 2654/1/6 2657/1/6
f 2657/1/6 2654/1/6 2658/1/6
f 2658/1/6 2654/1/6 2659/1/6
f 2660/1/6 2661/1/6 2662/1/6
f 2662/1/6 2661/1/6 2663/1/6
f 2662/1/6 2663/1/6 2664/1/6
f 2664/1/6 2663/1/6 2665/1/6
f 2666/1/6 2667/1/6 2668/1/6
f 2668/1/6 2667/1/6 2669/1/6
f 2670/1/6 2671/1/6 2672/1/6
f 2672/1/6 2671/1/6 2673/1/6
f 2674/1/6 2675/1/6 2676/1/6
f 2676/1/6 2675/1/6 2677/1/6
f 2674/1/6 2676/1/6 2678/1/6
f 2677/1/6 2675/1/6 2679/1/6
f 2674/1/6 2678/1/6 2680/1/6
f 2678/1/6 2679/1/6 2680/1/6
f 2679/1/6 2675/1/6 2681/1/6
f 2680/1/6 2679/1/6 2681/1/6
f 2682/1/6 2683/1/6 2684/1/6
f 2684/1/6 2683/1/6 2685/1/6
f 2686/1/6 2687/1/6 2688/1/6
f 2688/1/6 2687/1/6 2689/1/6
f 2690/1/6 2691/1/6 2693/1/6
f 2692/1/6 2693/1/6 2694/1/6
f 2694/1/6 2693/1/6 2695/1/6
f 2693/1/6 2691/1/6 2696/1/6
f 2695/1/6 2693/1/6 2696/1/6
f 2696/1/6 2691/1/6 2697/1/6
f 2692/1/6 2694/1/6 2698/1/6
f 2695/1/6 2696/1/6 2699/1/6
f 2692/1/6 2698/1/6 2700/1/6
f 2698/1/6 2699/1/6 2700/1/6
f 2699/1/6 2696/1/6 2701/1/6
f 2700/1/6 2699/1/6 2701/1/6
f 2701/1/6 2696/1/6 2702/1/6
f 2697/1/6 2691/1/6 2703/1/6
f 2701/1/6 2702/1/6 2704/1/6
f 2702/1/6 2703/1/6 2704/1/6
f 2703/1/6 2691/1/6 2705/1/6
f 2704/1/6 2703/1/6 2705/1/6
f 2706/1/6 2707/1/6 2708/1/6
f 2708/1/6 2707/1/6 2709/1/6
f 2706/1/6 2708/1/6 2710/1/6
f 2710/1/6 2708/1/6 2711/1/6
f 2709/1/6 2707/1/6 2712/1/6
f 2712/1/6 2707/1/6 2713/1/6
f 2714/1/6 2715/1/6 2716/1/6
f 2716/1/6 2715/1/6 2717/1/6
f 2718/1/6 2719/1/6 2720/1/6
f 2720/1/6 2719/1/6 2721/1/6
f 2722/1/6 2723/1/6 2724/1/6
f 2724/1/6 2723/1/6 2725/1/6
f 2722/1/6 2724/1/6 2726/1/6
f 2725/1/6 2723/1/6 2727/1/6
f 2722/1/6 2726/1/6 2728/1/6
f 2726/1/6 2727/1/6 2728/1/6
f 2727/1/6 2723/1/6 2729/1/6
f 2728/1/6 2727/1/6 2729/1/6
f 2730/1/6 2731/1/6 2733/1/6
f 2733/1/6 2731/1/6 2734/1/6
f 2732/1/6 2733/1/6 2737/1/6
f 2734/1/6 2735/1/6 2737/1/6
f 2733/1/6 2734/1/6 2737/1/6
f 2737/1/6 2735/1/6 2738/1/6
f 2736/1/6 2737/1/6 2741/1/6
f 2738/1/6 2739/1/6 2741/1/6
f 2737/1/6 2738/1/6 2741/1/6
f 2741/1/6 2739/1/6 2742/1/6
f 2740/1/6 2741/1/6 2745/1/6
f 2742/1/6 2743/1/6 2745/1/6
f 2741/1/6 2742/1/6 2745/1/6
f 2745/1/6 2743/1/6 2746/1/6
f 2744/1/6 2745/1/6 2746/1/6
f 2746/1/6 2743/1/6 2747/1/6
f 2744/1/6 2746/1/6 2748/1/6
f 2747/1/6 2743/1/6 2749/1/6
f 2744/1/6 2748/1/6 2750/1/6
f 2748/1/6 2749/1/6 2750/1/6
f 2750/1/6 2749/1/6 2751/1/6
f 2751/1/6 2749/1/6 2752/1/6
f 2752/1/6 2749/1/6 2753/1/6
f 2749/1/6 2743/1/6 2754/1/6
f 2753/1/6 2749/1/6 2754/1/6
f 2754/1/6 2743/1/6 2755/1/6
f 2753/1/6 2754/1/6 2756/1/6
f 2756/1/6 2754/1/6 2757/1/6
f 2757/1/6 2754/1/6 2758/1/6
f 2758/1/6 2754/1/6 2759/1/6
f 2757/1/6 2758/1/6 2760/1/6
f 2760/1/6 2758/1/6 2761/1/6
f 2761/1/6 2758/1/6 2762/1/6
f 2762/1/6 2758/1/6 2763/1/6
f 2761/1/6 2762/1/6 2764/1/6
f 2764/1/6 2762/1/6 2765/1/6
f 2766/1/6 2767/1/6 2768/1/6
f 2768/1/6 2767/1/6 2769/1/6
f 2770/1/6 2771/1/6 2772/1/6
f 2772/1/6 2771/1/6 2773/1/6
f 2774/1/6 2775/1/6 2776/1/6
f 2776/1/6 2775/1/6 2777/1/6
